model,solvent,residue_number,close_binding_site,binding_site
2.2Å,HOH,467,A-97:O5' A-97:OP C-98:OP,A-97:C8 A-97:O5' A-97:OP C-98:C5 C-98:OP U-300:O2
2.2Å,HOH,468,U-258:OP C-260:O2' U-305:O5',U-258:OP C-260:C2' C-260:O2 C-260:O2' C-260:O3' U-305:O5'
2.2Å,HOH,469,A-270:O4' A-304:N6,A-269:C1' A-269:N3 A-270:C8 A-270:O4' A-304:N6
2.2Å,HOH,470,A-218:N6 G-254:O2' C-255:O4' U-273:O2' U-273:O3',A-218:N6 G-254:O2' C-255:N1 C-255:O4' U-273:O2' U-273:O3'
2.2Å,HOH,471,G-279:O6 G-280:N7 G-280:O6,G-279:O6 G-280:N7 G-280:O6
2.2Å,HOH,472,A-105:O2' G-215:N2 U-258:O2 U-258:O2',A-105:O2' U-106:C4' U-106:O4' G-215:N2 C-216:O2 U-258:O2 U-258:O2'
2.2Å,HOH,473,C-255:N3 G-272:N2,A-104:N1 A-218:N1 C-255:N3 C-255:O2 G-272:N2
2.2Å,HOH,474,G-108:N7 U-259:O2' U-259:O3',G-108:N7 U-259:C3' U-259:C4' U-259:O2' U-259:O3'
2.2Å,HOH,475,A-103:N7,C-102:C5 A-103:C8 A-103:N7 A-269:C2' A-269:C8 A-269:OP
2.2Å,HOH,476,U-307:O4,A-306:C2 A-306:C4 A-306:N3 U-307:C4 U-307:O4
2.2Å,HOH,477,,C-98:N4 U-300:C2 U-300:N3
2.2Å,HOH,478,A-306:N3 A-308:N6,A-306:N3 A-308:N6 A-308:N7
2.2Å,HOH,479,C-217:N4 C-255:OP G-257:O6,C-217:N4 C-255:OP G-257:C6 G-257:O6
2.2Å,HOH,480,G-279:N7,C-278:C5 G-279:N7
2.2Å,HOH,481,G-257:OP A-304:O2' A-304:O3',G-257:O3' G-257:OP U-258:OP A-304:O2' A-304:O3' U-305:OP
2.2Å,HOH,482,A-302:OP G-303:OP,A-256:C2 A-256:N1 A-302:OP G-303:OP
2.2Å,HOH,483,A-104:N6 G-257:O2',A-104:N6 G-257:C4' G-257:O2' A-270:N6
2.2Å,HOH,484,A-186:OP,U-185:C4' A-186:C5' A-186:OP
2.2Å,HOH,485,C-166:OP G-188:O6,C-166:OP U-168:OP G-188:O6
2.2Å,HOH,486,A-214:N7,C-213:C5 C-213:N4 A-214:N6 A-214:N7
2.2Å,HOH,487,C-99:N4,C-99:C5 C-99:N4
2.2Å,HOH,488,G-100:N7,C-99:N4 G-100:N7
2.2Å,HOH,489,U-271:O2 G-303:O5' G-303:OP,U-271:O2 G-303:C2' G-303:N3 G-303:O5' G-303:OP
2.2Å,HOH,490,A-103:N3 A-104:N7 A-269:N6,A-103:N3 A-104:N7 A-105:N6 A-269:N6
2.2Å,HOH,491,U-267:O4 A-306:N1,U-267:O4 A-306:C2 A-306:N1
2.2Å,HOH,492,G-309:N2 A-342:N3 A-342:O2',G-309:N2 A-342:C2' A-342:N3 A-342:O2'
2.2Å,HOH,493,U-259:N3 U-259:O2,U-259:C2 U-259:N3 U-259:O2
2.2Å,HOH,494,G-58:N3 G-58:O2' G-96:N2 G-96:N3,G-58:C2 G-58:N2 G-58:N3 G-58:O2' U-59:O4' A-95:C2 G-96:N2 G-96:N3 G-96:O2' A-97:O4'
2.2Å,HOH,495,G-215:O6,G-215:O6 C-216:N4
2.2Å,HOH,496,U-106:O2,U-106:O2
2.2Å,HOH,497,A-219:N3 U-273:O2,A-219:N3 U-273:O2
2.2Å,HOH,498,C-255:O2' G-257:OP,C-255:O2' A-256:C5' G-257:OP
2.2Å,HOH,499,A-269:N6,A-268:N6 A-268:N7 A-269:N6
2.2Å,HOH,500,U-168:OP C-170:OP A-171:N7,U-168:C5' U-168:OP C-170:OP A-171:C8 A-171:N7
2.2Å,HOH,501,U-168:OP A-183:N6,U-168:OP A-183:N6
2.2Å,HOH,502,A-139:N3 U-185:O2',A-139:C2 A-139:N3 A-139:O2' A-140:O4' U-185:O2' U-185:O3'
2.2Å,HOH,503,A-218:OP G-254:O6,A-218:OP G-254:O6
2.2Å,HOH,504,A-184:N6,A-184:N6
2.2Å,HOH,505,A-218:OP U-253:O4,A-218:OP U-253:O4
2.2Å,HOH,506,G-100:O6 U-273:O4,G-100:O6 U-101:O4 U-273:O4
2.2Å,HOH,507,U-273:OP,U-273:OP C-274:N4
2.2Å,HOH,508,G-272:OP,G-272:OP
2.2Å,HOH,509,U-167:N3 A-171:N3 A-171:O2' A-173:N6 G-174:O6,U-167:N3 A-171:N3 A-171:O2' A-173:N6 G-174:O6
2.2Å,HOH,510,,A-139:OP A-140:OP G-141:O6 G-163:N2
2.2Å,HOH,511,U-271:O2 U-271:O2' G-272:O4' A-304:O2',U-271:O2 U-271:O2' G-272:O4' A-304:O2'
2.2Å,HOH,512,G-215:O5' C-216:OP,G-215:O5' G-215:OP C-216:C5 C-216:OP
2.2Å,HOH,513,U-300:OP,A-256:N6 U-300:OP U-300:OP
2.2Å,HOH,514,A-183:O2' A-183:O3' G-188:OP,A-183:O2' A-183:O3' G-188:OP
2.2Å,HOH,515,C-102:N4,U-101:C5 C-102:N4
2.2Å,HOH,516,C-260:O2,C-260:O2 U-305:O5'
2.2Å,HOH,517,G-275:OP,C-274:C3' C-274:C6 G-275:C8 G-275:OP
2.2Å,HOH,518,C-217:OP G-254:O6,C-217:OP G-254:O6
2.2Å,HOH,519,G-303:O2' G-303:O3',G-303:O2' G-303:O3' A-304:OP
2.2Å,HOH,520,U-277:OP C-278:OP,U-277:C6 U-277:O5' U-277:OP C-278:OP
2.2Å,HOH,521,A-103:OP A-218:O2' A-218:O3',A-103:OP A-218:O2' A-218:O3'
2.2Å,HOH,522,,U-167:O3'
2.2Å,HOH,523,G-110:N2 U-168:O2 A-183:N1,G-110:N2 U-168:O2 A-183:C2 A-183:N1
2.2Å,HOH,524,C-98:O2 U-277:O2,C-60:C5' C-60:OP C-98:O2 U-277:O2
2.2Å,HOH,525,A-261:OP G-264:OP,C-260:C5' A-261:C5' A-261:OP G-264:OP
2.2Å,HOH,526,G-254:O2' C-274:OP,G-254:O2' C-274:OP
2.2Å,HOH,527,C-166:N4 U-167:O2 A-171:O2',C-166:C5 C-166:N4 U-167:O2 A-171:O2'
2.2Å,HOH,528,G-257:O3',G-257:C4' G-257:O3' A-270:N6
2.2Å,HOH,529,C-165:O2' C-165:O3',C-165:O2' C-165:O3' U-182:OP
2.2Å,HOH,530,A-301:OP,A-97:OP A-301:OP
2.2Å,HOH,531,A-219:OP G-220:N7,A-219:OP G-220:N7
2.2Å,HOH,532,A-187:N1,U-182:C5 A-187:C2 A-187:N1
2.2Å,HOH,533,G-164:N7 U-177:O2',G-164:C5 G-164:N7 U-177:O2' G-180:N3
2.2Å,HOH,534,A-105:OP U-106:OP,A-105:C5' A-105:O5' A-105:OP U-106:OP
2.2Å,HOH,535,A-252:N3,C-222:O2 A-252:N3
2.2Å,HOH,536,A-171:N6,U-167:C5' A-171:N6
2.2Å,HOH,537,A-252:N6 A-252:N7,G-251:N7 A-252:N6 A-252:N7
2.2Å,HOH,538,G-276:OP,G-275:C5' G-275:C8 G-276:OP
2.2Å,HOH,539,A-103:O2' A-103:O3' A-104:OP,A-103:O2' A-103:O3' A-104:OP A-104:P
2.2Å,HOH,540,G-108:N3 U-185:OP,G-108:N3 U-185:OP U-185:OP
2.2Å,HOH,541,U-101:O5' U-101:OP C-102:OP,U-101:C3' U-101:C6 U-101:O5' U-101:OP C-102:C5 C-102:OP
2.2Å,HOH,542,G-276:O5',G-276:C8 G-276:O5' G-276:OP U-277:C5 U-277:OP
2.2Å,HOH,543,C-165:OP,C-165:OP
2.2Å,HOH,544,G-176:O2' G-180:O2',C-165:O2 G-176:N3 G-176:O2' G-180:O2'
2.2Å,HOH,545,U-305:OP,G-257:OP U-305:OP
2.2Å,HOH,546,U-162:O4 G-163:O6,U-162:O4 G-163:O6
2.2Å,HOH,547,G-96:O5',A-31:O2' A-95:O5' G-96:O5'
2.2Å,HOH,548,G-220:O2' C-274:O3',G-220:C2' G-220:O2' U-221:O4' C-274:O3'
2.2Å,HOH,549,C-260:OP,U-259:O3' C-260:OP C-260:P
2.2Å,HOH,550,C-98:OP,A-97:OP C-98:OP
2.2Å,HOH,551,C-137:O2' A-186:O3',C-137:O2' A-186:O3' A-187:OP
2.2Å,HOH,552,G-215:N2,U-107:O4' G-215:N2
2.2Å,HOH,553,G-111:OP,G-110:C3' G-110:C8 G-110:O5' G-110:OP G-111:OP
2.2Å,HOH,554,U-106:OP,A-105:O3' U-106:OP U-106:P C-216:O2'
2.2Å,HOH,555,U-182:OP,U-182:C6 U-182:OP G-188:C8
2.2Å,HOH,556,U-307:OP,U-307:OP
2.2Å,HOH,557,A-304:OP U-305:OP,A-304:OP U-305:OP
2.2Å,HOH,558,C-98:OP,C-98:O5' C-98:OP C-98:P
2.2Å,HOH,559,G-212:O2',A-184:N6 G-212:O2'
2.2Å,HOH,560,U-168:O4' A-183:N6,U-168:O4' A-183:N6 G-212:O2'
2.2Å,HOH,561,G-264:O2',A-263:N1 G-264:C2' G-264:N3 G-264:O2' A-265:O4'
2.2Å,HOH,562,G-92:N2 C-98:OP,G-92:N2 G-92:N3 C-98:OP
2.2Å,HOH,563,G-220:O2' G-220:O3' C-274:O2',G-220:C4' G-220:O2' G-220:O3' C-274:O2' G-275:O5'
2.2Å,HOH,564,A-256:OP,A-256:OP A-256:P
2.2Å,HOH,565,U-168:O2',U-168:C2 U-168:N1 U-168:O2'
2.2Å,HOH,566,G-303:N7,A-302:N6 G-303:N7 G-303:O6
2.2Å,HOH,567,U-101:O4 A-270:OP,U-101:O4 A-270:OP
2.2Å,HOH,568,C-216:N4,C-216:C4 C-216:C5 C-216:N4
2.2Å,HOH,569,C-278:N4,C-278:N4
2.2Å,HOH,570,A-218:OP A-219:OP,A-218:OP A-218:P A-219:OP
2.2Å,HOH,571,C-99:O2,C-99:O2 G-275:N2 G-276:N3
2.2Å,HOH,572,U-267:OP,U-267:OP A-268:OP
2.2Å,HOH,573,G-272:OP,G-272:OP U-300:O2'
2.2Å,HOH,574,G-188:OP,A-187:O2' A-187:O3' G-188:O5' G-188:OP
2.2Å,HOH,575,U-267:O2,U-267:O2 G-309:N3
2.2Å,HOH,576,,G-119:N2 A-125:N1 A-324:N1
2.2Å,HOH,577,A-270:O2',A-270:O2' U-271:OP
2.2Å,HOH,578,,C-260:OP
2.2Å,HOH,579,A-140:O2',A-140:O2' A-214:C5' A-214:OP
2.2Å,HOH,580,G-111:O3' U-168:O4,G-111:O3' U-168:C4 U-168:O4 G-188:N2
2.2Å,HOH,581,G-279:O2' G-279:O3',G-58:C4' G-58:C5' A-95:N6 G-279:O2' G-279:O3' G-280:C5'
2.2Å,HOH,582,A-301:OP,U-271:C5' A-301:OP
2.2Å,HOH,583,G-257:N7,G-257:N7
2.2Å,HOH,584,U-310:O4,G-309:N7 U-310:C4 U-310:C5 U-310:O4
2.2Å,HOH,585,C-98:OP,C-98:OP
2.2Å,HOH,586,U-305:O2,U-305:O2
2.2Å,HOH,587,G-111:OP,G-111:OP G-188:N2
2.2Å,HOH,588,A-140:N3,A-139:C2 A-140:N3
2.2Å,HOH,589,U-305:N3,U-305:N3 U-305:O2
2.2Å,HOH,590,C-60:O3' C-98:O2' C-98:O3',C-60:O3' U-61:C5' U-61:OP C-98:O2' C-98:O3' C-99:C5'
2.2Å,HOH,591,C-48:N4,C-48:C4 C-48:C5 C-48:N4
2.2Å,HOH,592,A-152:OP,G-150:N7 A-152:OP
2.2Å,HOH,593,A-256:OP,A-256:OP
2.2Å,HOH,594,G-220:N2 U-253:O2',G-220:N2 U-221:O2 U-253:O2 U-253:O2'
2.2Å,HOH,595,A-265:O2' A-265:O3',A-265:O2' A-265:O3'
2.2Å,HOH,596,,U-56:C4' U-56:O3' G-280:C5'
2.2Å,HOH,597,G-111:OP,G-111:C5' G-111:O3' G-111:OP G-188:N2
2.2Å,HOH,598,C-274:O2',C-274:O2 C-274:O2'
2.2Å,HOH,599,A-46:N7,C-45:C5 C-45:OP A-46:N6 A-46:N7
2.2Å,HOH,600,A-268:N3 A-268:O2',A-268:N3 A-268:O2'
2.2Å,HOH,601,C-166:OP U-182:OP,C-166:OP U-182:OP
2.2Å,HOH,602,A-256:N3 G-303:OP,A-256:N3 G-303:OP
2.2Å,HOH,603,G-254:OP,G-254:OP
2.2Å,HOH,604,U-56:OP,C-55:C6 C-55:OP U-56:C5 U-56:OP
2.2Å,HOH,605,C-211:O2 C-211:O2',C-211:C2' C-211:O2 C-211:O2'
2.2Å,HOH,606,U-101:OP C-102:OP,U-101:OP C-102:OP
2.2Å,HOH,607,,A-299:C5' A-299:OP
2.2Å,HOH,608,U-310:OP C-311:OP,U-310:O5' U-310:OP U-310:P C-311:OP
2.2Å,HOH,609,,A-103:OP
2.2Å,HOH,610,U-107:OP,U-107:OP
2.2Å,HOH,611,A-94:N7,A-94:N7
2.2Å,HOH,612,A-270:O5',A-270:C3' A-270:O5' A-270:OP
2.2Å,HOH,613,U-258:O4 U-259:O4,U-258:O4 U-259:O4
2.2Å,HOH,614,G-282:N3,G-282:N3
2.2Å,HOH,615,C-204:O5' C-204:OP U-205:OP A-206:N6,C-204:O5' C-204:OP U-205:C5 U-205:OP A-206:N6
2.2Å,HOH,616,U-101:OP,U-101:OP
2.2Å,HOH,617,G-360:OP,A-265:O4' G-360:OP
2.2Å,HOH,618,G-188:OP,A-184:C5' A-184:OP G-188:OP
2.2Å,HOH,619,,G-309:C8 U-310:OP
2.2Å,HOH,620,G-110:OP,G-110:OP
2.2Å,HOH,621,U-34:OP C-298:O2',U-34:OP C-298:O2'
2.2Å,HOH,622,G-32:OP U-33:OP,G-32:OP U-33:OP
2.2Å,HOH,623,G-176:N7,G-176:N7 G-176:O6
2.2Å,HOH,624,,G-100:N2 U-101:O4'
2.2Å,HOH,625,C-211:O5',C-211:C5' C-211:C6 C-211:O5'
2.2Å,HOH,626,A-299:N7,A-299:N7
2.2Å,HOH,627,G-276:N2,G-276:N2
2.2Å,HOH,628,A-268:OP,A-104:OP A-268:OP
2.2Å,HOH,629,U-167:OP,U-167:C5' U-167:OP
2.2Å,HOH,630,,A-31:C4' A-301:O4'
2.2Å,HOH,631,A-151:O2' A-152:O4' A-226:OP,A-151:C2' A-151:O2' A-152:C1' A-152:C4' A-152:O4' A-225:C5' A-226:OP
2.2Å,HOH,632,C-255:OP,C-255:O5' C-255:OP
2.2Å,HOH,633,C-204:O2 C-204:O2',C-204:O2 C-204:O2' G-327:C4'
2.2Å,HOH,634,C-138:N4,C-137:N4 C-138:N4
2.2Å,HOH,635,,G-282:O5' G-282:OP A-283:OP
2.2Å,HOH,636,,A-178:N1 A-178:N6
2.2Å,HOH,637,,U-295:C5 C-296:N4
2.2Å,HOH,638,G-275:O5' G-275:OP,U-221:C5' G-275:O5' G-275:OP
2.2Å,HOH,639,G-312:O2',G-312:O2' G-360:O3'
2.2Å,HOH,640,A-140:N3 A-140:O2',A-140:N3 A-140:O2' G-141:O4'
2.2Å,HOH,641,G-27:N7 A-57:OP,G-27:C5 G-27:N7 G-27:O6 A-57:O5' A-57:OP
2.2Å,HOH,642,A-38:N7,C-37:C4 C-37:C5 A-38:N7
2.2Å,HOH,643,U-307:O2',U-307:O2 U-307:O2'
2.2Å,HOH,644,A-265:OP,A-265:OP
2.2Å,HOH,645,U-190:O4,U-190:O4
2.2Å,HOH,646,C-266:OP,C-266:C5' C-266:O5' C-266:OP
2.2Å,HOH,647,,G-264:N2 G-360:C5'
2.2Å,HOH,648,,A-24:C2 C-93:N4
2.2Å,HOH,649,A-104:OP A-105:OP,A-104:O5' A-104:OP A-105:OP
2.2Å,HOH,650,,G-275:N2
2.2Å,HOH,651,,G-27:O3' A-94:OP
2.2Å,HOH,652,A-219:OP,A-219:OP
2.2Å,HOH,653,G-169:O2',G-169:C2' G-169:N3 G-169:O2'
2.2Å,HOH,654,U-205:O4,C-204:C5 U-205:O4
2.2Å,HOH,655,G-251:OP,G-250:OP G-251:C8 G-251:OP
2.2Å,HOH,656,U-221:OP C-222:OP,U-221:O5' U-221:OP C-222:C5 C-222:OP
2.2Å,HOH,657,A-219:O2' A-219:O3',C-102:C5' A-219:O2' A-219:O3'
2.2Å,HOH,658,,G-188:C1' G-188:C2' G-188:C4 G-188:N3 G-188:N9 G-188:O2'
2.2Å,HOH,659,G-54:OP,A-53:C8 G-54:OP
2.2Å,HOH,660,C-211:OP,C-211:OP
2.2Å,HOH,661,,U-271:OP U-271:OP
2.2Å,HOH,662,A-104:OP,A-104:OP U-267:OP
2.2Å,HOH,663,U-34:O2' G-282:O2' G-282:O3',U-34:O2' U-34:O3' G-282:O2' G-282:O3' A-283:C5'
2.2Å,HOH,664,,U-135:O2 A-136:C1' A-187:C8
2.2Å,HOH,665,G-341:O6 G-357:N7,G-341:O6 G-357:C8 G-357:N7
2.2Å,HOH,666,U-297:OP,U-297:C5 U-297:OP
2.2Å,HOH,667,G-327:N7,G-327:N7
2.2Å,HOH,668,U-403:OP,G-331:C5 G-331:N7 U-403:OP
2.2Å,HOH,669,C-208:OP,C-208:OP
2.2Å,HOH,670,C-213:OP,C-213:OP
2.2Å,HOH,671,U-253:OP,A-252:OP U-253:C5 U-253:OP
2.2Å,HOH,672,,G-111:N2 C-209:O2 C-211:O2'
2.2Å,HOH,673,G-150:N7,G-150:N7 G-150:O6
2.2Å,HOH,674,A-171:OP,A-171:OP
2.2Å,HOH,675,G-215:OP,G-215:OP
2.2Å,HOH,676,A-301:N3,A-301:N3 A-301:O2' A-302:O4'
2.2Å,HOH,677,,G-54:OP C-55:C5
2.2Å,HOH,678,G-195:N2,G-195:N2
2.2Å,HOH,679,,U-297:O2'
2.2Å,HOH,680,,G-188:O3'
2.2Å,HOH,681,C-47:O3' A-210:O4',C-47:O3' A-210:O4'
2.2Å,HOH,682,U-205:OP A-206:OP,U-205:OP U-205:P A-206:OP
2.2Å,HOH,683,,U-155:OP U-155:OP
2.2Å,HOH,684,A-270:OP,A-270:OP
2.2Å,HOH,685,G-164:OP,G-164:OP
2.2Å,HOH,686,G-313:N2,G-313:N1 G-313:N2
2.2Å,HOH,687,G-150:O4',G-150:C1' G-150:C4' G-150:O4' A-153:N6
2.2Å,HOH,688,,U-277:OP
2.2Å,HOH,689,U-224:OP,C-223:OP U-224:OP
2.2Å,HOH,690,U-267:OP,U-267:C5' U-267:OP G-358:O2'
2.2Å,HOH,691,G-276:OP,G-276:OP G-276:OP
2.2Å,HOH,692,U-59:OP,U-59:OP G-279:C5'
2.2Å,HOH,693,G-150:N1 A-153:OP,G-150:C2 G-150:C6 G-150:N1 G-150:N2 G-150:O6 A-153:OP
2.2Å,HOH,694,U-323:O2',U-323:O2'
2.2Å,HOH,695,,C-298:C5' A-299:OP
2.2Å,HOH,696,,G-220:O3'
2.2Å,HOH,697,G-220:OP,G-220:OP U-221:OP
2.2Å,HOH,698,G-32:OP,G-32:OP
2.2Å,HOH,699,,A-308:O2'
2.2Å,HOH,700,,C-217:OP C-217:OP
2.2Å,HOH,701,U-202:O4,G-119:O6 G-201:O6 U-202:O4
2.2Å,HOH,702,,U-168:O2'
2.2Å,HOH,703,G-169:O2' G-169:O3',G-169:O2' G-169:O3' G-212:C5'
2.2Å,HOH,704,G-360:OP,G-360:OP
2.2Å,HOH,705,,U-156:O4
2.2Å,HOH,706,C-48:OP,C-47:C5' C-47:OP C-48:OP
2.2Å,HOH,707,G-92:O2' G-92:O3',G-92:O2' G-92:O3'
2.2Å,HOH,708,G-150:O2',G-150:O2' G-150:O3' A-151:N7
2.2Å,HOH,709,A-30:OP A-31:N7,A-30:O5' A-30:OP A-30:P A-31:N7
2.2Å,HOH,710,G-276:OP,G-276:OP U-277:OP
2.2Å,HOH,711,,A-308:C4' A-308:O2'
2.2Å,HOH,712,G-341:O6 G-357:O6,G-341:O6 G-357:O6
2.2Å,HOH,713,C-193:N4,C-193:C5 C-193:N4
2.2Å,HOH,714,A-115:OP,A-115:OP
2.2Å,HOH,715,U-271:OP,U-271:O5' U-271:OP
2.2Å,HOH,716,,U-317:O4 C-318:N4
2.2Å,HOH,717,A-308:OP G-309:OP,A-308:OP A-308:OP G-309:OP
2.2Å,HOH,718,U-277:O2',U-277:O2' C-278:O5'
2.2Å,HOH,719,,C-138:OP
2.2Å,HOH,720,U-185:O4',U-185:O4'
2.2Å,HOH,721,,C-208:O2'
2.2Å,HOH,722,A-104:OP,A-104:OP
2.2Å,HOH,723,A-115:N7,A-115:N7
2.2Å,HOH,724,,U-185:O4
2.2Å,HOH,725,U-221:OP,U-221:OP U-221:P
2.2Å,HOH,726,A-42:O3' U-43:OP,A-42:O3' U-43:C5 U-43:OP
2.2Å,HOH,727,,U-101:O3'
2.2Å,HOH,728,C-209:OP C-211:OP,C-209:OP C-211:OP
2.2Å,HOH,729,,A-171:C3'
2.2Å,MG,409,G-257:OP U-258:OP,G-257:OP U-258:OP U-305:OP
2.2Å,MG,410,A-183:OP A-184:OP A-186:OP,A-183:OP A-184:OP A-186:OP
2.2Å,MG,411,A-184:OP A-186:OP A-187:OP,A-184:OP A-186:OP A-187:OP
2.2Å,MG,412,A-301:OP A-302:OP,A-301:OP A-302:OP
2.2Å,MG,413,,G-96:N7
2.2Å,MG,414,C-166:OP,C-166:OP
2.2Å,MG,415,,A-308:N7
2.2Å,MG,416,U-273:OP,A-256:OP U-273:OP
2.2Å,MG,417,A-308:OP,A-308:OP
2.2Å,MG,418,A-304:OP A-306:OP,A-304:OP A-306:OP
2.2Å,MG,419,A-265:OP,A-265:OP
2.2Å,MG,420,,U-277:O4
2.2Å,MG,421,C-208:OP,C-208:OP
2.2Å,MG,422,,C-165:OP
2.2Å,MG,423,,C-262:OP
2.2Å,MG,424,A-97:OP,A-97:OP
2.2Å,MG,425,,C-274:OP
2.2Å,MG,426,,G-164:O6
2.2Å,MG,427,,A-28:OP A-95:OP
2.2Å,MG,428,,C-170:OP
2.2Å,MG,429,,A-269:N7
2.2Å,MG,430,A-299:OP,A-299:OP
2.2Å,MG,431,C-255:OP,C-255:OP
2.2Å,MG,432,,C-213:OP
2.2Å,MG,433,,G-272:O6
2.2Å,MG,434,,A-173:OP
2.2Å,MG,435,,G-32:O6
2.2Å,MG,436,U-167:O2',U-167:O2'
2.2Å,MG,437,,A-187:OP
2.2Å,MG,438,,U-33:OP
2.2Å,MG,439,,G-32:N7
2.2Å,MG,440,,C-255:OP
2.2Å,MG,441,,A-178:N1
2.2Å,MG,442,,U-271:OP
2.2Å,MG,443,,C-262:OP
2.2Å,MG,444,,U-56:O4
2.2Å,MG,445,,G-313:O2'
2.2Å,MG,446,A-207:OP,A-207:OP
2.2Å,MG,447,,U-224:O4
2.2Å,MG,448,,A-304:OP
2.2Å,MG,449,,G-358:O6
2.2Å,MG,450,,G-275:O2'
2.2Å,MG,451,,U-107:OP
2.2Å,MG,452,U-326:O4,U-326:O4
2.2Å,MG,453,,A-140:O2'
2.2Å,MG,454,,C-60:OP
2.2Å,MG,455,,G-164:OP
2.2Å,MG,456,,A-105:OP
2.2Å,MG,457,,A-103:OP
2.2Å,MG,458,,A-214:OP
2.2Å,MG,459,,A-270:N1
2.2Å,MG,460,A-57:OP,A-57:OP
2.2Å,MG,461,A-125:OP,A-125:OP
2.2Å,MG,462,C-109:OP,C-109:OP
2.2Å,MG,463,,U-155:O2'
2.2Å,MG,464,C-154:OP,C-154:OP
2.2Å,MG,465,,U-205:OP
2.2Å,MG,466,,A-31:OP
2.3Å,HOH,470,U-182:O3' A-183:OP G-188:OP,U-182:O3' A-183:OP A-186:C3' A-186:OP A-187:OP G-188:OP
2.3Å,HOH,471,A-218:N6 G-254:O2' C-255:O4' U-273:O2' U-273:O3',A-218:N6 G-254:O2' C-255:C6 C-255:N1 C-255:O4' U-273:O2' U-273:O3'
2.3Å,HOH,472,A-103:N7,C-102:C5 A-103:C8 A-103:N7 A-269:C2' A-269:C8
2.3Å,HOH,473,U-307:O4,A-306:C4 U-307:O4
2.3Å,HOH,474,A-304:N6,A-269:C1' A-269:N3 A-270:C8 A-270:O4' A-304:N6
2.3Å,HOH,475,A-97:OP C-98:OP,A-97:C8 A-97:O5' A-97:OP C-98:C5 C-98:OP U-300:O2
2.3Å,HOH,476,G-272:OP U-300:O2' A-301:OP,U-271:C4' G-272:OP U-300:O2' A-301:OP
2.3Å,HOH,477,G-279:O6 G-280:N7 G-280:O6,G-279:O6 G-280:N7 G-280:O6
2.3Å,HOH,478,,C-98:N4 U-300:C2 U-300:N3
2.3Å,HOH,479,A-105:O2' G-215:N2 U-258:O2 U-258:O2',A-105:C2' A-105:O2' U-106:O4' G-215:N2 C-216:O2 U-258:O2 U-258:O2'
2.3Å,HOH,480,,C-99:N4
2.3Å,HOH,481,A-306:N3 A-308:N6,A-306:N3 A-308:N6 A-308:N7
2.3Å,HOH,482,U-258:OP C-260:O2' C-260:O3' U-305:O5',U-258:OP C-260:C2' C-260:O2 C-260:O2' C-260:O3' U-305:O5'
2.3Å,HOH,483,U-107:O2' G-108:N7 U-259:O2' U-259:O3',U-107:O2' G-108:N7 U-259:C4' U-259:O2' U-259:O3'
2.3Å,HOH,484,G-257:OP A-304:O3' U-305:OP,G-257:O3' G-257:OP U-258:OP A-304:O2' A-304:O3' U-305:OP
2.3Å,HOH,485,U-267:O4 A-306:N1,U-267:O4 A-306:C2 A-306:N1
2.3Å,HOH,486,C-166:OP G-188:O6,C-166:OP U-167:O3' U-168:OP G-188:O6
2.3Å,HOH,487,A-214:N7,A-214:N6 A-214:N7
2.3Å,HOH,488,A-218:N1 C-255:N3 G-272:N2,A-218:C2 A-218:N1 C-255:N3 C-255:O2 G-272:N2
2.3Å,HOH,489,A-219:N3 U-273:O2,A-219:N3 U-273:O2
2.3Å,HOH,490,A-268:N7 A-269:N6,A-268:N7 A-269:N6
2.3Å,HOH,491,U-340:N3 A-359:N6,U-340:N3 G-341:C8 G-341:N7 A-359:N6 G-360:C6 G-360:O6
2.3Å,HOH,492,C-165:OP C-166:OP U-168:OP,C-165:OP C-166:OP U-168:OP
2.3Å,HOH,493,G-100:N7,C-99:N4 G-100:N7 G-100:O6
2.3Å,HOH,494,A-186:OP,A-186:OP
2.3Å,HOH,495,G-163:N7 G-164:O6,G-163:C8 G-163:N7 G-164:O6
2.3Å,HOH,496,C-165:OP A-183:OP A-186:N6,G-164:O3' C-165:OP A-183:OP A-186:N6
2.3Å,HOH,497,G-281:N7,G-280:N7 G-281:N7
2.3Å,HOH,498,C-255:O2 G-272:N3 G-272:O2',C-255:O2 G-257:C4' G-257:O4' G-272:C1' G-272:C2' G-272:N3 G-272:O2'
2.3Å,HOH,499,C-60:OP C-98:O2 U-277:O2,C-60:OP C-98:O2 U-277:O2
2.3Å,HOH,500,U-271:O2' G-272:O4' A-304:O2',U-271:O2 U-271:O2' G-272:O4' A-304:O2'
2.3Å,HOH,501,G-100:O6 U-273:O4,G-100:O6 U-101:O4 U-273:O4
2.3Å,HOH,502,A-256:O3' U-305:OP,A-256:O3' U-305:OP U-305:OP U-305:P
2.3Å,HOH,503,G-215:O5' C-216:OP,G-215:O5' G-215:OP C-216:C5 C-216:OP
2.3Å,HOH,504,A-103:N3 A-104:N7 A-269:N6,A-103:N3 A-104:N7 A-105:N6 A-269:N6
2.3Å,HOH,505,G-279:N7,G-279:N7
2.3Å,HOH,506,U-259:N3 U-259:O2,U-259:N3 U-259:O2
2.3Å,HOH,507,U-106:O2,U-106:O2 U-258:C5'
2.3Å,HOH,508,C-165:O2' C-165:O3',C-165:O2' C-165:O3'
2.3Å,HOH,509,A-219:OP G-220:N7,A-219:OP G-220:N7 G-220:O6
2.3Å,HOH,510,U-168:OP A-183:N6,U-168:OP A-183:N6
2.3Å,HOH,511,C-102:N4,U-101:C5 C-102:N4
2.3Å,HOH,512,U-271:O2 G-303:OP,U-271:O2 G-303:O5' G-303:OP
2.3Å,HOH,513,G-111:OP,G-110:C8 G-110:O5' G-110:OP G-111:OP
2.3Å,HOH,514,G-309:OP,A-308:C3' A-308:O5' A-308:OP G-309:C8 G-309:OP
2.3Å,HOH,515,G-220:O2' C-274:O3',G-220:O2' U-221:O4' C-274:O3'
2.3Å,HOH,516,G-275:N7,C-274:N4 G-275:N7
2.3Å,HOH,517,U-167:N3 A-171:N3 A-171:O2' A-173:N6 G-174:O6,U-167:N3 U-167:O4 A-171:N3 A-171:O2' A-173:N6 G-174:O6
2.3Å,HOH,518,G-309:N2 A-342:N3 A-342:O2',G-309:N2 A-342:C2 A-342:C2' A-342:N3 A-342:O2'
2.3Å,HOH,519,A-265:OP,A-265:OP
2.3Å,HOH,520,A-139:N1,A-139:N1 G-164:C4'
2.3Å,HOH,521,C-98:OP,A-97:OP C-98:OP
2.3Å,HOH,522,C-217:N4 C-255:OP G-257:O6,C-217:N4 C-255:OP G-257:C6 G-257:O6
2.3Å,HOH,523,,A-187:OP A-187:OP
2.3Å,HOH,524,G-272:OP,G-272:OP
2.3Å,HOH,525,C-262:OP U-305:O2' U-305:O3',C-262:OP U-305:O2' U-305:O3' A-306:OP
2.3Å,HOH,526,U-305:OP,G-257:OP U-305:OP
2.3Å,HOH,527,A-184:N7 C-213:O2',A-184:N7 C-213:O2' C-213:O3'
2.3Å,HOH,528,G-110:N2 U-168:O2 A-183:N1,G-110:N2 U-168:O2 A-183:C2 A-183:N1
2.3Å,HOH,529,G-282:OP,G-281:C8 G-281:O5' G-281:OP G-282:N7 G-282:OP
2.3Å,HOH,530,G-141:O6,A-139:OP A-140:OP G-141:O6 G-163:N2
2.3Å,HOH,531,C-278:OP,U-277:C6 U-277:O5' U-277:OP C-278:OP
2.3Å,HOH,532,A-95:O5' G-96:O5',A-94:O3' A-95:O5' A-95:OP A-95:P G-96:O5'
2.3Å,HOH,533,A-139:N3 A-140:O4' U-185:O2',A-139:C2 A-139:C2' A-139:N3 A-139:O2' A-140:O4' U-185:O2' U-185:O3' A-186:OP
2.3Å,HOH,534,G-276:OP,G-275:C3' G-275:C8 G-276:OP
2.3Å,HOH,535,C-255:O2' G-257:OP,C-255:O2' G-257:OP
2.3Å,HOH,536,A-301:OP,A-97:OP A-301:OP
2.3Å,HOH,537,U-168:OP C-170:OP A-171:N7,U-168:C5' U-168:OP C-170:OP A-171:C8 A-171:N7 A-171:OP
2.3Å,HOH,538,G-212:N7 G-212:OP C-260:N4,C-211:C3' C-211:C5 C-211:C6 G-212:C8 G-212:N7 G-212:OP C-260:N4
2.3Å,HOH,539,G-281:N2,U-34:OP G-281:N2 G-282:N3 U-297:O2'
2.3Å,HOH,540,G-254:O6,A-218:OP G-254:O6
2.3Å,HOH,541,U-273:OP,U-273:OP C-274:N4
2.3Å,HOH,542,G-212:O2',A-184:N6 G-212:O2' C-213:C5'
2.3Å,HOH,543,G-215:O6,G-215:N7 G-215:O6
2.3Å,HOH,544,G-272:OP,G-272:OP
2.3Å,HOH,545,A-103:OP A-218:O2' A-218:O3',A-103:OP A-218:O2' A-218:O3'
2.3Å,HOH,546,C-260:O2,C-260:O2
2.3Å,HOH,547,G-251:N7 A-252:N6 A-252:N7,G-251:N7 A-252:N6 A-252:N7
2.3Å,HOH,548,A-105:O3' U-106:OP C-216:O2',A-105:O3' U-106:OP U-106:P C-216:O2' C-216:O4'
2.3Å,HOH,549,G-254:O2' C-274:OP,G-254:O2' C-274:OP
2.3Å,HOH,550,C-166:OP,C-166:OP
2.3Å,HOH,551,G-257:O6,G-257:O6 U-258:O4
2.3Å,HOH,552,A-304:OP U-305:OP,A-304:OP U-305:OP
2.3Å,HOH,553,,C-98:C5 C-98:C6 C-98:O5' C-98:OP C-99:OP
2.3Å,HOH,554,A-94:OP A-95:OP,A-94:OP A-95:OP
2.3Å,HOH,555,G-276:O5',G-276:C8 G-276:O5' G-276:OP U-277:C5 U-277:OP
2.3Å,HOH,556,,U-271:C5' A-301:OP A-301:OP
2.3Å,HOH,557,G-32:N7 G-32:O6,A-31:N7 G-32:C5 G-32:N7 G-32:O6 U-33:O4
2.3Å,HOH,558,U-168:O2',U-168:O2'
2.3Å,HOH,559,C-204:O2,G-117:N2 C-204:O2 C-204:O2'
2.3Å,HOH,560,G-215:N2,G-215:N2
2.3Å,HOH,561,G-257:O3',G-257:C4' G-257:O3' A-270:N6
2.3Å,HOH,562,C-216:OP,C-216:OP C-217:OP
2.3Å,HOH,563,C-216:N4,C-216:C4 C-216:N4
2.3Å,HOH,564,U-168:O2,G-111:N2 G-111:N3 G-111:O2' U-168:O2
2.3Å,HOH,565,U-101:O4 A-270:OP,U-101:O4 A-270:OP
2.3Å,HOH,566,,G-188:C2 G-188:N1 G-188:N2
2.3Å,HOH,567,,U-59:C5 U-59:C6 C-60:OP
2.3Å,HOH,568,A-171:N6,U-167:C5' A-171:N6
2.3Å,HOH,569,G-215:O2',G-215:N3 G-215:O2'
2.3Å,HOH,570,,U-259:O3' C-260:OP
2.3Å,HOH,571,,U-168:O2 U-168:O3'
2.3Å,HOH,572,G-108:N3 U-185:OP,G-108:N3 U-185:OP U-185:OP
2.3Å,HOH,573,C-223:N4,C-223:C5 C-223:N4
2.3Å,HOH,574,A-183:N7,A-183:N7 A-184:N6
2.3Å,HOH,575,U-168:O4',U-168:O4' A-183:N6 G-212:O2'
2.3Å,HOH,576,U-267:OP,C-266:C3' C-266:C5 C-266:C6 U-267:OP
2.3Å,HOH,577,G-251:N2,A-153:O2' C-154:C5' G-251:N2 A-252:O4'
2.3Å,HOH,578,,U-167:O3'
2.3Å,HOH,579,A-173:OP,A-172:OP A-173:OP
2.3Å,HOH,580,U-202:O2',G-119:N2 U-202:O2'
2.3Å,HOH,581,C-165:OP,C-165:OP
2.3Å,HOH,582,G-32:OP U-33:OP,G-32:OP U-33:OP
2.3Å,HOH,583,A-31:O2' A-31:O3' A-301:O4',A-31:O2' A-31:O3' A-301:O4'
2.3Å,HOH,584,G-220:O2' G-220:O3' C-274:O2',G-220:O2' G-220:O3' C-274:O2' G-275:O5'
2.3Å,HOH,585,,A-306:N6
2.3Å,HOH,586,,A-256:N6 U-300:OP U-300:OP
2.3Å,HOH,587,,A-299:C5' U-300:OP
2.3Å,HOH,588,C-213:OP,C-213:OP
2.3Å,HOH,589,A-218:OP,C-217:OP A-218:OP
2.3Å,HOH,590,G-303:O2' G-303:O3',G-303:O2' G-303:O3'
2.3Å,HOH,591,G-112:OP,G-111:O5' G-111:OP G-112:OP
2.3Å,HOH,592,U-101:OP C-102:OP,U-101:OP C-102:OP
2.3Å,HOH,593,G-360:OP,A-265:O2' A-265:O4' G-360:OP
2.3Å,HOH,594,A-139:O2',A-139:O2' U-185:O3' A-186:C5'
2.3Å,HOH,595,A-104:O5' A-105:OP,A-104:O5' A-104:OP A-105:OP
2.3Å,HOH,596,A-248:O2' G-251:O6,A-248:O2' G-250:O6 G-251:C6 G-251:O6
2.3Å,HOH,597,A-225:N7,A-225:N7
2.3Å,HOH,598,A-268:O2',A-268:N3 A-268:O2'
2.3Å,HOH,599,G-257:N7,C-255:OP G-257:N7
2.3Å,HOH,600,,A-256:N3 G-303:OP
2.3Å,HOH,601,C-48:N4,C-47:C5 C-48:N4
2.3Å,HOH,602,,A-270:O2' U-271:OP
2.3Å,HOH,603,,A-301:O4'
2.3Å,HOH,604,G-188:OP,A-184:C5' A-184:OP G-188:OP
2.3Å,HOH,605,U-34:OP C-298:O2',U-34:OP C-298:O2'
2.3Å,HOH,606,,G-181:C8 U-182:C5 U-182:OP
2.3Å,HOH,607,A-31:O4' A-95:OP,A-31:O4' A-95:OP
2.3Å,HOH,608,U-307:OP,U-307:OP U-307:OP
2.3Å,HOH,609,A-256:OP,A-256:OP
2.3Å,HOH,610,G-303:O3',G-303:O3' A-304:OP
2.3Å,HOH,611,U-267:OP,U-267:OP A-268:OP
2.3Å,HOH,612,A-252:OP U-253:OP,A-252:O5' A-252:OP A-252:P U-253:OP
2.3Å,HOH,613,C-166:N4 A-171:O2',C-166:C5 C-166:N4 U-167:O2 A-171:O2'
2.3Å,HOH,614,A-46:N6 A-46:N7,C-45:C5 C-45:OP A-46:N6 A-46:N7
2.3Å,HOH,615,C-211:O5',C-211:C5' C-211:C6 C-211:O5'
2.3Å,HOH,616,G-264:O2',A-263:N1 G-264:C2' G-264:N3 G-264:O2' A-265:O4'
2.3Å,HOH,617,A-218:OP A-219:OP,A-218:OP A-219:OP
2.3Å,HOH,618,,G-309:C8 U-310:OP
2.3Å,HOH,619,A-330:N7,G-329:N7 A-330:N7
2.3Å,HOH,620,C-93:O2' C-98:OP,C-93:O2' C-93:O4' C-98:OP
2.3Å,HOH,621,A-153:N6,G-150:C1' G-150:O4' A-153:N6
2.3Å,HOH,622,,C-255:OP
2.3Å,HOH,623,U-205:OP A-206:N6,C-204:OP U-205:OP A-206:N6
2.3Å,HOH,624,C-60:O3' U-61:OP C-98:O2' C-98:O3',C-60:O3' U-61:C5' U-61:OP C-98:O2' C-98:O3' C-99:C5'
2.3Å,HOH,625,U-307:O2' U-307:O3',U-271:O4 U-307:O2' U-307:O3'
2.3Å,HOH,626,,U-101:O4'
2.3Å,HOH,627,G-276:N2,G-276:N2
2.3Å,HOH,628,A-256:OP,A-256:OP
2.3Å,HOH,629,C-260:OP,C-260:C5' C-260:OP
2.3Å,HOH,630,C-209:OP,C-209:OP U-305:C6
2.3Å,HOH,631,,C-274:OP
2.3Å,HOH,632,,C-255:C5' C-274:OP
2.3Å,HOH,633,A-269:N1,A-269:N1
2.3Å,HOH,634,U-310:OP C-311:OP,U-310:O5' U-310:OP U-310:P C-311:OP
2.3Å,HOH,635,U-224:O4 A-248:OP,C-223:N4 U-224:O4 A-248:C8 A-248:OP G-250:O6
2.3Å,HOH,636,G-176:N3 G-180:O2',C-165:O2 G-176:N3 G-176:O2' G-180:O2'
2.3Å,HOH,637,G-279:OP,G-279:OP
2.3Å,HOH,638,G-279:O3',G-279:O2' G-279:O3'
2.3Å,HOH,639,C-216:OP,G-215:OP C-216:OP
2.3Å,HOH,640,G-188:OP,G-188:OP
2.3Å,HOH,641,,C-216:N4
2.3Å,HOH,642,C-260:OP,C-260:OP
2.3Å,HOH,643,,U-297:C4 U-297:C5 U-297:O4 C-298:N4
2.3Å,HOH,644,,C-138:O2' G-163:O6
2.3Å,HOH,645,G-111:OP,G-111:OP
2.3Å,HOH,646,,C-189:OP U-190:C5 U-190:OP
2.3Å,HOH,647,C-60:O2',C-60:O2 C-60:O2'
2.3Å,HOH,648,,A-113:C8 A-113:O5' A-113:OP
2.3Å,HOH,649,G-150:O2' A-151:N7,G-150:O2' G-150:O3' A-151:C8 A-151:N7
2.3Å,HOH,650,,A-343:C4' A-343:O3'
2.3Å,HOH,651,G-150:N7 A-152:OP,G-150:C5 G-150:C8 G-150:N7 A-152:OP
2.3Å,HOH,652,G-254:OP,U-253:OP G-254:OP
2.3Å,HOH,653,U-253:O2',G-220:N2 U-221:O2 U-253:C2' U-253:O2 U-253:O2'
2.3Å,HOH,654,,G-358:O2' G-358:O3'
2.3Å,HOH,655,C-99:OP,C-99:OP G-100:OP
2.3Å,HOH,656,G-312:O2',G-312:O2'
2.3Å,HOH,657,C-127:OP C-128:OP,C-127:O5' C-127:OP C-128:OP
2.3Å,HOH,658,,A-301:O3' A-302:C5' A-302:OP
2.3Å,HOH,659,G-254:OP C-255:OP,G-254:OP C-255:OP
2.3Å,HOH,660,,A-269:OP
2.3Å,HOH,661,G-303:N7,G-303:N7
2.3Å,HOH,662,C-311:OP,U-310:C6 U-310:O5' C-311:C5 C-311:C6 C-311:OP
2.3Å,HOH,663,G-110:OP,G-110:OP
2.3Å,HOH,664,,C-93:OP A-94:OP
2.3Å,HOH,665,U-101:O3',U-101:C4' U-101:O3'
2.3Å,HOH,666,A-140:O2',A-140:O2' A-214:C5' A-214:OP
2.3Å,HOH,667,C-217:OP,C-217:OP
2.3Å,HOH,668,U-34:OP,U-34:OP
2.3Å,HOH,669,,G-129:OP
2.3Å,HOH,670,C-204:OP,C-204:C5 C-204:OP
2.3Å,HOH,671,G-313:N7,G-313:N7 G-313:OP
2.3Å,HOH,672,,A-103:O2' A-104:OP A-268:OP
2.3Å,HOH,673,G-92:OP C-93:OP,G-92:O5' G-92:OP C-93:C5 C-93:OP
2.3Å,HOH,674,,G-282:C8 G-282:N7 A-283:OP
2.3Å,HOH,675,C-213:OP A-214:OP,C-213:OP A-214:OP
2.3Å,HOH,676,U-106:O4,A-104:OP U-106:O4
2.3Å,HOH,677,U-101:OP,U-101:OP
2.3Å,HOH,678,,A-218:O3' A-219:OP
2.3Å,HOH,679,,A-359:N1 G-360:N3
2.3Å,HOH,680,U-205:OP A-206:OP,U-205:OP A-206:OP
2.3Å,HOH,681,C-213:OP,G-212:OP C-213:OP
2.3Å,HOH,682,,G-108:O3' C-109:O5'
2.3Å,HOH,683,,C-137:N4 C-138:N4
2.3Å,HOH,684,A-104:OP,A-104:OP U-267:OP
2.3Å,HOH,685,G-275:OP,U-221:C5' G-275:O5' G-275:OP G-275:P
2.3Å,HOH,686,U-305:N3,U-305:N3
2.3Å,HOH,687,C-98:OP,G-92:N2 C-98:OP
2.3Å,HOH,688,,G-169:O3' C-170:C5' C-170:OP
2.3Å,HOH,689,,A-24:C2 C-93:N4
2.3Å,HOH,690,G-215:OP,G-215:OP
2.3Å,HOH,691,A-57:OP,A-57:OP
2.3Å,HOH,692,,G-215:OP
2.3Å,HOH,693,A-140:O2' A-140:O3',A-140:C4' A-140:O2' A-140:O3' A-214:O3' G-215:OP
2.3Å,HOH,694,U-61:OP,C-60:C3' C-60:C6 C-60:O5' U-61:OP
2.3Å,HOH,695,C-45:O2 C-170:O2,C-45:O2 C-45:O2' C-170:O2
2.3Å,HOH,696,,G-169:C5' G-169:O4'
2.3Å,HOH,697,U-297:OP,C-296:O5' C-296:OP U-297:C5 U-297:OP
2.3Å,HOH,698,C-213:OP,C-213:OP
2.3Å,HOH,699,A-105:OP,A-105:OP
2.3Å,HOH,700,G-32:OP,A-31:OP G-32:OP
2.3Å,HOH,701,G-169:OP,G-169:OP
2.3Å,HOH,702,,U-135:O2 A-136:C1' A-187:C8
2.3Å,HOH,703,,A-136:N6 C-137:N4
2.3Å,HOH,704,C-203:O3',C-203:O2' C-203:O3'
2.3Å,HOH,705,C-170:O2',C-170:O2 C-170:O2' A-171:O4' A-172:C8
2.3Å,HOH,706,,U-271:OP
2.3Å,HOH,707,A-359:OP,G-358:O5' G-358:OP A-359:OP
2.3Å,HOH,708,,U-107:O4'
2.3Å,HOH,709,C-166:O3',C-166:O3'
2.3Å,HOH,710,,G-50:N7
2.3Å,HOH,711,G-341:O6,G-341:O6
2.3Å,HOH,712,A-248:O2',A-248:O2' G-250:N7 G-251:N7
2.3Å,HOH,713,U-307:O2',U-307:O2 U-307:O2'
2.3Å,HOH,714,A-308:OP G-309:OP,A-308:OP G-309:OP
2.3Å,HOH,715,U-107:O2,U-107:O2
2.3Å,HOH,716,A-269:OP,A-269:OP
2.3Å,HOH,717,,G-276:OP
2.3Å,HOH,718,C-55:N4,C-55:N4
2.3Å,HOH,719,,G-40:O2'
2.3Å,HOH,720,G-150:O6,G-149:O6 G-150:C6 G-150:O6
2.3Å,HOH,721,G-169:N2,G-169:N2 G-169:N3 C-170:O4'
2.3Å,HOH,722,G-327:O6,U-323:O4 G-327:O6
2.3Å,HOH,723,G-303:OP,C-209:OP G-303:OP
2.3Å,HOH,724,U-259:O4,U-259:O4
2.3Å,HOH,725,,C-102:OP
2.3Å,HOH,726,C-298:OP A-299:OP,C-298:OP A-299:OP
2.3Å,HOH,727,,G-254:OP
2.3Å,HOH,728,A-301:OP,A-301:N7 A-301:OP
2.3Å,HOH,729,,A-151:N7
2.3Å,HOH,730,U-34:O2' G-282:O2' G-282:O3',U-34:O2' U-34:O3' G-282:O2' G-282:O3' A-283:C5'
2.3Å,HOH,731,C-208:OP,C-208:OP
2.3Å,HOH,732,G-303:OP,G-303:OP
2.3Å,HOH,733,,U-297:O2'
2.3Å,HOH,734,G-276:O2',G-276:O2' G-276:O3'
2.3Å,HOH,735,A-105:OP,A-105:OP
2.3Å,HOH,736,U-185:O4,U-185:O4 G-215:O4'
2.3Å,HOH,737,A-94:OP,A-94:OP
2.3Å,HOH,738,,A-265:O3' C-266:OP
2.3Å,HOH,739,C-60:OP,C-60:OP C-60:P U-277:O2 U-277:O2'
2.3Å,HOH,740,C-138:OP,C-138:OP
2.3Å,HOH,741,U-267:OP,U-267:C5' U-267:OP G-358:O2'
2.3Å,HOH,742,,C-128:O2'
2.3Å,HOH,743,C-47:O3',C-47:O3' A-210:O4'
2.3Å,HOH,744,C-109:OP,C-109:OP
2.3Å,HOH,745,A-252:OP,A-252:OP
2.3Å,HOH,746,A-219:O2' A-219:O3',C-102:C5' A-219:O2' A-219:O3'
2.3Å,HOH,747,C-209:OP C-211:OP,C-209:OP C-211:OP
2.3Å,HOH,748,C-154:OP,C-154:OP
2.3Å,HOH,749,U-277:OP C-278:OP,U-277:OP C-278:OP
2.3Å,HOH,750,C-296:O2',C-296:O2' U-297:O4'
2.3Å,HOH,751,G-264:OP,A-263:O3' G-264:OP
2.3Å,HOH,752,,C-362:OP
2.3Å,HOH,753,,C-278:O3'
2.3Å,HOH,754,G-116:N2,G-116:N2 U-205:O2
2.3Å,HOH,755,,G-309:O2'
2.3Å,HOH,756,,A-153:OP
2.3Å,HOH,757,,C-154:O5' C-154:OP
2.3Å,HOH,758,A-140:N3 G-141:O4',A-140:N3 A-140:O2' G-141:O4'
2.3Å,HOH,759,A-140:OP,A-140:OP G-141:OP
2.3Å,HOH,760,,C-127:OP
2.3Å,HOH,761,,C-60:OP
2.3Å,HOH,762,G-141:OP,G-141:OP G-215:OP
2.3Å,HOH,763,,A-343:OP
2.3Å,HOH,764,G-44:O2',G-44:N3 G-44:O2'
2.3Å,HOH,765,G-54:O2',G-54:O2'
2.3Å,HOH,766,,A-256:C4 A-256:C5
2.3Å,HOH,767,,G-110:C5'
2.3Å,MG,409,G-257:OP,G-257:OP U-258:OP
2.3Å,MG,410,A-183:OP A-186:OP,A-183:OP A-184:OP A-186:OP
2.3Å,MG,411,A-184:OP A-187:OP,A-184:OP A-186:OP A-187:OP
2.3Å,MG,412,,G-96:N7
2.3Å,MG,413,A-301:OP A-302:OP,A-301:OP A-302:OP
2.3Å,MG,414,,U-259:OP
2.3Å,MG,415,U-273:OP,A-256:OP U-273:OP
2.3Å,MG,416,A-304:OP A-306:OP,A-304:OP A-306:OP
2.3Å,MG,417,,U-307:OP A-308:OP
2.3Å,MG,418,U-259:OP,U-259:OP
2.3Å,MG,419,,G-188:O6
2.3Å,MG,420,,U-277:O4
2.3Å,MG,421,,A-308:N7
2.3Å,MG,422,,U-168:OP
2.3Å,MG,423,A-265:OP,A-265:OP
2.3Å,MG,424,,A-302:OP
2.3Å,MG,425,,U-273:OP
2.3Å,MG,426,,A-183:O2'
2.3Å,MG,427,,G-272:O6
2.3Å,MG,428,,U-305:OP
2.3Å,MG,429,A-97:OP,A-97:OP
2.3Å,MG,430,G-112:N7,G-112:N7
2.3Å,MG,431,,C-213:O2'
2.3Å,MG,432,,A-178:N1
2.3Å,MG,433,,U-167:O2'
2.3Å,MG,434,,U-106:OP
2.3Å,MG,435,A-299:OP,A-299:OP
2.3Å,MG,436,,A-187:OP
2.3Å,MG,437,,C-274:OP
2.3Å,MG,438,,A-299:N7
2.3Å,MG,439,,U-177:O2'
2.3Å,MG,440,U-300:OP,U-300:OP
2.3Å,MG,441,,A-299:O2'
2.3Å,MG,442,,G-264:OP
2.3Å,MG,443,A-104:OP,A-104:OP
2.3Å,MG,444,,G-275:O2'
2.3Å,MG,445,,C-262:OP
2.3Å,MG,446,C-255:OP,C-255:OP
2.3Å,MG,447,,G-275:OP
2.3Å,MG,448,,U-326:O4
2.3Å,MG,449,,U-33:OP
2.3Å,MG,450,,G-313:O2'
2.3Å,MG,451,,G-164:OP
2.3Å,MG,452,,U-300:OP
2.3Å,MG,453,,U-185:OP
2.3Å,MG,454,,C-260:OP
2.3Å,MG,455,,A-187:O2'
2.3Å,MG,456,U-271:OP,U-271:OP
2.3Å,MG,457,,A-46:OP
2.3Å,MG,458,,U-185:OP
2.3Å,MG,459,,U-107:OP
2.3Å,MG,460,,A-314:OP
2.3Å,MG,461,,U-271:O4
2.3Å,MG,462,,G-328:OP
2.3Å,MG,463,U-258:O4,U-258:O4
2.3Å,MG,464,A-248:OP,A-248:OP
2.3Å,MG,465,A-299:OP,A-299:OP
2.3Å,MG,466,,G-112:OP
2.3Å,MG,467,,G-212:OP
2.3Å,MG,468,,C-48:OP
2.3Å,MG,469,U-36:O2',U-36:O2'
7yga,MG,501,C-208:OP A-304:OP A-306:OP,C-208:OP A-304:OP A-306:OP
7yga,MG,502,A-207:OP C-262:OP,A-207:OP C-262:OP
7yga,MG,503,U-259:OP,U-259:OP
7yga,MG,504,A-308:OP,U-307:OP A-308:OP
7yga,MG,505,G-257:OP U-258:OP U-305:OP,G-257:OP U-258:OP U-305:OP
7yga,MG,506,U-258:OP,U-258:OP
7yga,MG,507,,U-307:O4
7yga,MG,508,,U-305:OP
7ygb,MG,523,A-172:OP,A-172:OP
7ygb,MG,549,,
7ygb,MG,524,,
7ygb,MG,550,,
7ygb,MG,525,,
7ygb,MG,551,,
7ygb,MG,101,A-304:OP,A-304:OP A-306:OP
7ygb,MG,526,,A-308:OP
7ygb,MG,552,,
7ygb,MG,501,,
7ygb,MG,527,A-94:OP,A-94:OP
7ygb,MG,553,,
7ygb,MG,502,C-262:OP,A-207:OP C-262:OP
7ygb,MG,528,,A-28:OP
7ygb,MG,503,,
7ygb,MG,529,,
7ygb,MG,504,A-184:OP A-187:OP,A-184:OP A-186:OP A-187:OP G-188:OP
7ygb,MG,530,,
7ygb,MG,505,,A-183:OP A-184:OP A-186:OP
7ygb,MG,531,,
7ygb,MG,506,,
7ygb,MG,532,,
7ygb,MG,507,G-164:O6,G-164:O6
7ygb,MG,533,,
7ygb,MG,508,,
7ygb,MG,534,,
7ygb,MG,509,,
7ygb,MG,535,,C-209:OP
7ygb,MG,510,,
7ygb,MG,536,,
7ygb,MG,511,A-256:OP,A-256:OP U-273:OP
7ygb,MG,537,,
7ygb,MG,512,,
7ygb,MG,538,,
7ygb,MG,513,,
7ygb,MG,539,A-103:OP,A-103:OP
7ygb,MG,514,,
7ygb,MG,540,,
7ygb,MG,515,U-258:OP U-305:OP,G-257:OP U-258:OP U-305:OP
7ygb,MG,541,,
7ygb,MG,516,,U-258:OP
7ygb,MG,542,,A-125:OP
7ygb,MG,517,,U-259:OP
7ygb,MG,543,,
7ygb,MG,518,,
7ygb,MG,544,,
7ygb,MG,519,,A-301:OP A-302:OP
7ygb,MG,545,,
7ygb,MG,520,,
7ygb,MG,546,,
7ygb,MG,521,,
7ygb,MG,547,,
7ygb,MG,522,A-171:OP,A-171:OP
7ygb,MG,548,,
7r6l,MG,401,,G-164:O6
7r6l,MG,402,,A-171:OP
7r6l,MG,403,,
7r6l,MG,404,,A-256:OP U-273:OP
7r6l,MG,405,,U-258:OP
7r6l,MG,406,U-259:OP,U-259:OP
7r6l,MG,407,,A-301:OP A-302:OP
7r6l,MG,408,A-304:OP A-306:OP,A-304:OP A-306:OP
7r6l,MG,409,U-305:OP,U-305:OP
7r6l,MG,410,,
7r6l,MG,411,,
7r6l,MG,412,,A-308:OP
7r6l,MG,413,G-188:O6,G-188:O6
7r6l,MG,414,,
7r6l,MG,415,,
7r6l,MG,416,,
7r6l,MG,417,A-184:OP A-186:OP A-187:OP,A-184:OP A-186:OP A-187:OP
7r6l,MG,418,A-183:OP,A-183:OP A-186:OP
7r6l,MG,419,U-258:OP U-305:OP,U-258:OP U-305:OP
7r6l,MG,420,C-262:OP,A-207:OP C-262:OP
1x8w_B,MG,2,A-184:OP A-187:OP,A-184:OP A-186:OP A-187:OP G-188:OP
1x8w_B,MG,3,,
1x8w_B,MG,5,,A-256:N6
1x8w_B,MG,6,,C-209:OP G-210:OP
1x8w_B,MG,9,,
1x8w_B,MG,13,A-173:OP,A-172:OP A-173:OP
1x8w_B,MG,16,,
1x8w_B,MG,21,,U-249:OP
1x8w_B,MG,415,,
1x8w_D,MG,4,A-184:OP A-187:OP,A-184:OP A-187:OP
1x8w_D,MG,8,,U-273:OP
1x8w_D,MG,12,,U-249:OP G-250:OP
1x8w_D,MG,13,,
1x8w_D,MG,15,,
1x8w_D,MG,19,,C-209:OP G-210:OP
1x8w_D,MG,22,A-306:OP,U-305:OP A-306:OP A-306:OP
1x8w_D,MG,415,,
1x8w_D,MG,416,,
1x8w_D,MG,417,,
1gid_B,HOH,289,C-211:O2' G-212:O4',G-169:O3' C-211:O2' G-212:O4'
1gid_B,HOH,290,A-225:O2' A-226:OP G-227:N7 G-227:O6 U-228:O4,A-225:O2' A-225:O3' A-226:OP G-227:C5 G-227:C6 G-227:N7 G-227:O6 U-228:O4
1gid_B,HOH,294,A-218:O2' A-219:OP G-220:N7 G-220:O6 U-221:O4,A-218:O2' A-219:OP G-220:C5 G-220:C6 G-220:N7 G-220:O6 U-221:O4
1gid_B,MG,266,G-188:O6,G-188:O6
1gid_B,MG,269,A-183:OP,A-183:OP A-184:OP
1gid_B,MG,270,A-184:OP,A-184:OP A-186:OP A-187:OP
1gid_B,MG,271,G-164:O6,G-164:O6
1gid_B,MG,273,,
1gid_B,MG,275,,A-171:OP
1gid_B,MG,279,,G-112:OP
1gid_B,MG,280,,A-173:OP
1gid_B,MG,281,,G-250:OP
1gid_B,MG,283,,
1gid_B,MG,286,,
1gid_B,MG,288,,
7yg8,MG,501,A-304:OP,A-304:OP
7yg8,MG,502,,
7yg8,MG,503,,
7yg8,MG,504,,G-257:OP U-258:OP U-305:OP
7yg8,MG,505,,U-258:OP
1x8w_A,MG,1,,
1x8w_A,MG,2,,
1x8w_A,MG,3,A-184:OP A-187:OP,A-184:OP A-186:OP A-187:OP
1x8w_A,MG,7,,
1x8w_A,MG,9,,C-209:OP
1x8w_A,MG,11,,A-173:OP
1x8w_A,MG,12,,
1x8w_A,MG,14,,A-256:OP U-273:OP
1x8w_A,MG,17,,A-306:OP
1x8w_A,MG,415,,
7xd5,MG,525,,
7xd5,MG,526,,A-306:OP
7xd5,MG,527,C-262:OP A-306:OP U-415:OP,C-262:OP A-306:OP U-415:OP
7xd5,MG,502,,
7xd5,MG,528,,U-307:OP A-308:OP
7xd5,MG,503,C-262:OP,A-207:OP C-262:OP
7xd5,MG,529,,
7xd5,MG,504,,
7xd5,MG,530,,
7xd5,MG,505,A-184:OP A-186:OP A-187:OP,A-184:OP A-186:OP A-187:OP
7xd5,MG,506,A-184:OP,A-183:OP A-184:OP A-186:OP
7xd5,MG,507,,
7xd5,MG,508,,G-164:O6
7xd5,MG,509,,
7xd5,MG,510,,
7xd5,MG,511,,
7xd5,MG,512,,A-256:OP
7xd5,MG,513,,
7xd5,MG,514,,
7xd5,MG,515,,
7xd5,MG,516,,U-258:OP U-305:OP
7xd5,MG,517,,U-258:OP
7xd5,MG,518,,U-259:OP
7xd5,MG,519,,U-305:OP
7xd5,MG,520,A-301:OP,A-301:OP A-302:OP
7xd5,MG,521,,
7xd5,MG,522,,A-171:OP
7xd5,MG,523,A-172:OP,A-172:OP
7xd5,MG,524,,
7xd6,MG,525,A-304:OP,A-304:OP A-306:OP
7xd6,MG,526,C-262:OP A-306:OP U-415:OP,C-262:OP A-306:OP U-415:OP
7xd6,MG,501,,
7xd6,MG,527,,A-308:OP
7xd6,MG,502,C-262:OP,A-207:OP C-262:OP
7xd6,MG,528,,
7xd6,MG,503,,
7xd6,MG,504,A-184:OP A-187:OP,A-184:OP A-186:OP A-187:OP
7xd6,MG,505,A-184:OP A-186:OP,A-183:OP A-184:OP A-186:OP
7xd6,MG,506,,
7xd6,MG,507,G-164:O6,G-164:O6
7xd6,MG,508,,
7xd6,MG,509,,
7xd6,MG,510,G-150:OP,G-150:OP
7xd6,MG,511,,A-256:OP
7xd6,MG,512,,
7xd6,MG,513,,
7xd6,MG,514,,
7xd6,MG,515,,U-258:OP
7xd6,MG,516,,U-258:OP
7xd6,MG,517,,U-259:OP
7xd6,MG,518,,
7xd6,MG,519,A-301:OP,A-301:OP A-302:OP
7xd6,MG,520,,
7xd6,MG,521,,A-171:OP
7xd6,MG,522,,
7xd6,MG,523,,
7xd6,MG,524,,
1hr2_B,HOH,261,U-182:O2' A-187:C5' G-188:O5',U-182:O2' A-187:C5' A-187:OP G-188:C5' G-188:O4' G-188:O5'
1hr2_B,HOH,262,A-153:C2' A-153:O2' C-223:O2 G-251:C2' G-251:N3 G-251:O2',A-153:C2' A-153:O2' C-223:O2 G-251:C1' G-251:C2' G-251:N3 G-251:O2'
1hr2_B,HOH,263,A-225:O2' A-225:O3' G-227:N7 U-228:O4,A-225:O2' A-225:O3' G-227:N7 G-227:O6 U-228:O4
1hr2_B,HOH,264,C-165:OP A-183:OP A-186:N6,G-164:O3' C-165:OP A-183:OP A-186:N6
1hr2_B,HOH,265,C-229:N4,U-228:C5 C-229:C4 C-229:C5 C-229:N4
1hr2_B,HOH,266,C-165:O2' G-181:OP,C-165:O2 C-165:O2' G-181:OP
1hr2_B,HOH,267,,C-165:C5 C-165:OP C-166:N4
1hr2_B,HOH,268,U-168:OP C-170:OP A-183:N6,U-168:OP C-170:OP A-183:N6
1hr2_B,HOH,269,C-170:N4,G-169:C5 G-169:C6 G-169:N7 G-169:O6 C-170:N4
1hr2_B,HOH,270,C-211:O2',C-211:O2'
1hr2_B,HOH,271,C-154:OP,C-154:OP
1hr2_B,HOH,272,C-222:O2' C-223:O4',C-222:O2' C-223:O4'
1hr2_B,HOH,273,U-185:OP C-213:O2',U-185:OP C-213:O2' A-214:O4'
1hr2_B,HOH,274,G-141:N2 U-162:O2',G-141:N2 U-162:O2 U-162:O2'
1hr2_B,HOH,275,G-254:N3 G-254:O2',G-254:C2' G-254:N3 G-254:O2' C-255:O4'
1hr2_B,HOH,276,G-150:N1 G-150:N2 A-153:OP,G-150:N1 G-150:N2 A-153:OP
1hr2_B,HOH,277,U-182:OP,U-182:OP
1hr2_B,HOH,278,U-205:O4,C-204:N4 U-205:O4 A-206:N6
1hr2_B,HOH,279,A-252:N3,A-252:N3 A-252:O2'
1hr2_B,HOH,280,G-212:OP,G-212:O5' G-212:OP
1hr2_B,HOH,281,C-137:O2',C-137:O2' C-137:O3' A-186:O3'
1hr2_B,HOH,282,G-251:OP,G-251:OP
1hr2_B,HOH,283,G-163:O2',G-163:O2' G-163:O3'
1hr2_B,HOH,284,A-115:O2',A-115:O2' A-115:O3'
1hr2_B,HOH,285,G-174:O2',G-174:O2'
1hr2_B,HOH,286,A-171:C2 A-172:N6,A-171:C2 A-172:N6
1hr2_B,HOH,287,G-245:N7,U-244:C5 G-245:N7
1hr2_B,HOH,288,U-224:OP A-225:OP,U-224:OP A-225:OP
1hr2_B,HOH,289,G-163:O3' G-164:OP,G-163:O3' G-164:OP G-164:P
1hr2_B,HOH,290,C-154:O2 C-154:O2' U-155:O4',C-154:C2' C-154:O2 C-154:O2' U-155:O4'
1hr2_B,HOH,291,,G-111:N2 U-168:O2
1hr2_B,HOH,292,G-181:OP,G-181:OP
1hr2_B,HOH,293,,G-181:OP
1hr2_B,HOH,294,C-154:OP,C-154:O5' C-154:OP C-154:P
1hr2_B,HOH,295,G-212:O6,G-212:O6 C-260:N4
1hr2_B,HOH,296,C-170:OP A-184:N6 G-212:O2',C-170:OP A-184:N6 G-212:O2' C-213:C5'
1hr2_B,HOH,297,U-168:OP,U-168:O5' U-168:OP
1hr2_B,HOH,298,C-223:N4,C-222:N4 C-223:N4
1hr2_B,HOH,299,,
1hr2_B,HOH,300,A-256:OP G-257:N7,A-256:OP G-257:N7
1hr2_B,HOH,301,,
1hr2_B,HOH,302,C-138:O2' A-178:N1,C-138:C2' C-138:N1 C-138:O2' A-178:N1
1hr2_B,HOH,303,U-224:O4,U-224:O4
1hr2_B,HOH,304,G-194:N7,G-194:N7
1hr2_B,HOH,305,,
1hr2_B,HOH,306,,
1hr2_B,HOH,307,A-226:N3 A-226:O2',A-226:C2' A-226:N3 A-226:O2'
1hr2_B,HOH,308,A-207:N1,A-114:O4' A-207:C2 A-207:N1
1hr2_B,HOH,309,A-153:N6,G-150:O2' G-150:O4' A-153:N6
1hr2_B,HOH,310,U-182:O4,U-182:C4 U-182:C5 U-182:O4
1hr2_B,HOH,311,U-253:O4,A-218:C8 A-218:N7 U-253:O4
1hr2_B,HOH,312,,C-203:O2'
1hr2_B,HOH,313,,U-162:O4 G-163:O6
1hr2_B,HOH,314,U-190:O4,U-190:O4
1hr2_B,HOH,315,,
1hr2_B,HOH,316,G-134:N3 G-134:O2',G-134:C1' G-134:N3 G-134:O2'
1hr2_B,HOH,317,U-182:OP,U-182:OP
1hr2_B,HOH,318,A-183:O2' A-183:O3',A-183:O2' A-183:O3'
1hr2_B,HOH,319,,
1hr2_B,HOH,320,,A-173:OP A-173:OP
1hr2_B,HOH,321,G-257:O6,G-257:O6
1hr2_B,HOH,322,G-160:O3' A-161:OP,G-160:O3' A-161:OP A-161:P
1hr2_B,HOH,323,A-231:OP,A-231:N7 A-231:OP
1hr2_B,HOH,324,U-190:O2',U-190:O2'
1hr2_B,HOH,325,C-137:OP,C-137:OP
1hr2_B,HOH,326,A-183:OP A-184:N7 A-184:OP,A-183:OP A-184:C8 A-184:N7 A-184:OP
1hr2_B,HOH,327,A-183:OP A-186:C8 A-186:N7 A-186:OP,A-139:C2 A-183:OP A-183:OP A-186:C8 A-186:N7 A-186:OP
1hr2_B,HOH,328,A-184:OP A-186:OP,A-184:OP A-186:OP
1hr2_B,HOH,329,A-183:OP A-184:OP A-186:OP A-187:OP,A-183:OP A-184:OP A-186:OP A-186:OP A-186:P A-187:OP
1hr2_B,HOH,330,A-184:OP A-187:OP G-188:OP,A-183:O3' A-184:OP A-187:OP G-188:O5' G-188:OP
1hr2_B,HOH,331,A-184:OP A-186:OP A-187:OP,A-184:OP A-186:OP A-187:OP
1hr2_B,HOH,332,G-164:O6 A-178:N7,G-164:O6 U-177:O2' A-178:N7
1hr2_B,HOH,333,U-162:OP G-163:OP,U-162:O5' U-162:OP U-162:P G-163:N7 G-163:OP
1hr2_B,HOH,334,G-163:N7 G-163:O6 G-164:O6,G-163:N7 G-163:O6 G-164:O6 A-178:N6
1hr2_B,HOH,335,G-163:C8 G-163:N7 G-163:OP G-164:N7 U-177:O2,G-163:C8 G-163:N7 G-163:OP G-164:N7 G-164:O6 U-177:O2
1hr2_B,HOH,336,C-170:OP A-171:N7 A-171:OP,C-170:OP C-170:P A-171:C8 A-171:N7 A-171:OP
1hr2_B,HOH,337,C-165:OP A-171:OP,C-165:OP A-171:OP
1hr2_B,HOH,338,C-170:OP A-171:OP,C-170:OP A-171:OP
1hr2_B,HOH,339,U-167:O2,U-167:O2 U-167:O2' A-171:C8 A-171:OP
1hr2_B,HOH,340,U-167:O2' U-167:O3' U-168:OP,C-165:OP U-167:O2' U-167:O3' U-168:OP
1hr2_B,HOH,341,,A-171:O3' A-172:OP A-173:OP
1hr2_B,HOH,342,A-173:OP G-174:N7,A-173:O5' A-173:OP G-174:N7 G-174:OP
1hr2_B,HOH,343,A-173:OP,A-173:OP
1hr2_B,HOH,344,A-171:O2' A-173:N7,A-171:O2' A-173:N7 A-173:OP
1hr2_B,HOH,345,G-174:O6,G-174:O6 G-175:O6
1hr2_B,HOH,346,U-182:OP G-188:N7 G-188:O6,U-182:OP G-188:C5 G-188:N7 G-188:O6
1hr2_B,HOH,347,U-168:OP A-183:N7 G-188:O6,U-168:C5 U-168:OP U-168:P A-183:N7 G-188:O6
1hr2_B,HOH,348,A-183:OP G-188:O6,A-183:O5' A-183:OP G-188:O6
1hr2_B,HOH,349,C-166:OP U-168:OP G-188:O6,C-166:OP U-168:OP G-188:O6
1hr2_B,HOH,350,C-165:OP C-166:OP,C-165:C5' C-165:OP C-166:OP
1hr2_B,HOH,351,G-112:OP,G-111:O5' G-112:OP
1hr2_B,HOH,352,A-113:N7,G-112:OP A-113:N7 A-206:N6
1hr2_B,HOH,353,G-112:OP C-204:OP,G-112:OP C-204:OP
1hr2_B,HOH,354,G-112:N7 G-112:OP,G-112:N7 G-112:OP A-113:N6
1hr2_B,HOH,355,,
1hr2_B,HOH,356,C-127:O2' U-202:OP,C-127:O2' C-127:O3' U-202:OP
1hr2_B,HOH,357,G-112:OP A-113:OP,G-112:OP A-113:OP
1hr2_B,HOH,358,C-203:OP,C-203:OP C-203:P
1hr2_B,HOH,359,A-113:OP,A-113:OP
1hr2_B,HOH,360,C-128:OP,C-128:OP
1hr2_B,HOH,361,C-203:OP,C-203:OP
1hr2_B,HOH,362,,
1hr2_B,HOH,363,A-115:N6 G-116:O6 U-205:O4,A-115:N6 G-116:O6 U-205:O4
1hr2_B,HOH,364,,
1hr2_B,HOH,365,G-116:N7,G-116:N7
1hr2_B,HOH,366,A-114:OP A-115:N7,A-114:OP A-115:N7
1hr2_B,HOH,367,G-117:O6,G-117:O6 C-204:N4
1hr2_B,HOH,368,G-129:O6,G-129:O6
1hr2_B,HOH,369,,
1hr2_B,HOH,370,,G-191:N7
1hr2_B,HOH,371,G-129:N7,G-129:N7 G-129:O6
1hr2_B,HOH,372,,G-191:O6
1hr2_B,HOH,373,,
1hr2_B,HOH,374,G-158:O6,U-157:O4 G-158:O6
1hr2_B,HOH,375,,
1hr2_B,HOH,376,,U-157:O4
1hr2_B,HOH,377,,
1hr2_B,HOH,378,U-144:O4,U-144:O4
1hr2_B,HOH,379,,
1hr2_B,HOH,380,U-243:O4,U-243:O4
1hr2_B,HOH,381,,
1hr2_B,HOH,382,,G-242:N7
1hr2_B,HOH,383,A-230:N6,A-230:N6
1hr2_B,HOH,384,G-242:O6,G-242:O6
1hr2_B,HOH,385,,
1hr2_B,HOH,386,G-180:OP,G-180:OP
1hr2_B,HOH,387,,G-181:O6
1hr2_B,HOH,388,G-181:O6,G-181:O6
1hr2_B,HOH,389,,
1hr2_B,HOH,390,G-181:N7,G-180:OP G-181:N7
1hr2_B,HOH,391,,
1hr2_B,MG,2,A-183:OP A-184:OP A-186:OP,A-183:OP A-184:OP A-186:OP
1hr2_B,MG,4,A-184:OP,A-184:OP A-186:OP A-187:OP
1hr2_B,MG,6,,G-163:N7 G-164:O6
1hr2_B,MG,8,A-171:OP,A-171:OP
1hr2_B,MG,10,,A-173:OP
1hr2_B,MG,12,G-188:O6,G-188:O6
1hr2_B,MG,13,,G-112:OP
1hr2_B,MG,15,,
1hr2_B,MG,17,,
1hr2_B,MG,19,,
1hr2_B,MG,21,,
1hr2_B,MG,23,,
1hr2_B,MG,25,,
1hr2_B,MG,52,,
1hr2_B,MG,54,,
1hr2_B,MG,56,,
1hr2_B,MG,63,,
1hr2_B,MG,65,,
7ygd,MG,501,A-304:OP,A-304:OP
7ygd,MG,502,,A-308:OP
7ygd,MG,503,,U-305:OP
7ygd,MG,504,,
7ygd,MG,505,,U-258:OP
7ygd,MG,506,,
7yg9,MG,501,A-304:OP A-306:OP,C-208:OP A-304:OP A-306:OP
7yg9,MG,502,A-207:OP C-262:OP,A-207:OP C-262:OP
7yg9,MG,503,,A-308:OP
7yg9,MG,504,U-258:OP,G-257:OP U-258:OP U-305:OP
7yg9,MG,505,U-258:OP,U-258:OP
7yg9,MG,506,,
7yg9,MG,507,U-259:OP,U-259:OP
7yg9,MG,508,,U-307:O4
8hd6,MG,501,,
8hd6,MG,502,A-207:OP,A-207:OP
8hd6,MG,503,,
8hd6,MG,504,A-187:OP,A-184:OP A-187:OP
8hd6,MG,505,A-183:OP A-184:OP A-186:OP,A-183:OP A-184:OP A-186:OP
8hd6,MG,506,,
8hd6,MG,507,G-164:O6,G-164:O6
8hd6,MG,508,,
8hd6,MG,509,,
8hd6,MG,510,,G-150:OP
8hd6,MG,511,U-273:OP,U-273:OP
8hd6,MG,512,,
8hd6,MG,513,,
8hd6,MG,514,,G-257:OP
8hd6,MG,515,U-258:OP,U-258:OP
8hd6,MG,516,U-259:OP,U-259:OP
8hd6,MG,517,,
8hd6,MG,518,A-302:OP,A-302:OP
8hd6,MG,519,,
8hd6,MG,520,,
8hd6,MG,521,,
8hd6,MG,522,,
8hd6,MG,523,,
8hd6,MG,524,,
1gid_A,HOH,291,A-225:O2' A-226:OP G-227:C5 G-227:N7 G-227:O6 U-228:O4,A-225:O2' A-225:O3' A-226:OP G-227:C5 G-227:C6 G-227:N7 G-227:O6 U-228:O4
1gid_A,HOH,292,A-256:OP,A-256:OP A-256:P
1gid_A,HOH,293,A-218:O2' A-219:OP G-220:N7 G-220:O6 U-221:O4,A-218:O2' A-219:OP G-220:C5 G-220:C6 G-220:N7 G-220:O6 U-221:O4
1gid_A,MG,265,G-188:O6,G-188:O6
1gid_A,MG,267,A-183:OP,A-183:OP A-184:OP
1gid_A,MG,268,A-184:OP A-187:OP,A-184:OP A-186:OP A-187:OP
1gid_A,MG,272,G-164:O6,G-164:O6
1gid_A,MG,274,,A-171:OP
1gid_A,MG,276,,A-173:OP
1gid_A,MG,277,,
1gid_A,MG,278,,
1gid_A,MG,282,,G-250:OP
1gid_A,MG,284,,
1gid_A,MG,285,,G-112:OP
1gid_A,MG,287,,
7xd7,MG,526,C-262:OP,C-262:OP
7xd7,MG,501,,
7xd7,MG,527,,
7xd7,MG,502,C-262:OP,C-262:OP
7xd7,MG,528,,
7xd7,MG,503,,
7xd7,MG,529,,
7xd7,MG,504,A-184:OP A-186:OP A-187:OP G-188:OP,A-184:OP A-186:OP A-187:OP G-188:OP
7xd7,MG,505,A-183:OP A-184:OP,A-183:OP A-184:OP
7xd7,MG,506,,
7xd7,MG,507,,G-164:O6
7xd7,MG,508,,
7xd7,MG,509,,
7xd7,MG,510,,
7xd7,MG,511,A-256:OP,A-256:OP
7xd7,MG,512,,
7xd7,MG,513,,
7xd7,MG,514,,G-257:OP U-258:OP U-305:OP
7xd7,MG,515,,U-258:OP
7xd7,MG,516,,
7xd7,MG,517,,U-305:OP
7xd7,MG,518,A-301:OP A-302:OP,A-301:OP A-302:OP
7xd7,MG,519,,
7xd7,MG,520,,
7xd7,MG,521,A-171:OP,A-171:OP
7xd7,MG,522,,A-172:OP
7xd7,MG,523,,
7xd7,MG,524,,
7xd7,MG,525,A-306:OP,A-306:OP
7ez0,MG,501,,
7ez0,MG,502,A-207:OP,A-207:OP C-262:OP
7ez0,MG,503,,
7ez0,MG,504,A-184:OP A-186:OP A-187:OP,A-184:OP A-186:OP A-187:OP
7ez0,MG,505,,A-183:OP A-184:OP A-186:OP
7ez0,MG,506,,
7ez0,MG,507,G-164:O6,G-164:O6
7ez0,MG,508,,
7ez0,MG,509,,
7ez0,MG,510,,G-149:OP
7ez0,MG,511,A-256:OP,A-256:OP
7ez0,MG,512,,
7ez0,MG,513,,
7ez0,MG,514,A-214:OP,A-214:OP
7ez0,MG,515,U-305:OP,U-258:OP U-305:OP
7ez0,MG,516,,U-258:OP
7ez0,MG,517,U-259:OP,U-259:OP
7ez0,MG,518,,
7ez0,MG,519,A-302:OP,A-301:OP A-302:OP
7ez0,MG,520,,
7ez0,MG,521,,
7ez0,MG,522,A-171:OP,A-171:OP
7ez0,MG,523,A-172:OP,A-172:OP
7ez0,MG,524,,
7ez0,MG,525,,
7ez0,MG,526,,A-306:OP
7ez0,MG,527,,U-307:OP A-308:OP
1x8w_C,MG,1,A-184:OP A-187:OP G-188:OP,A-184:OP A-186:OP A-187:OP G-188:OP
1x8w_C,MG,6,,
1x8w_C,MG,7,A-306:OP,A-306:OP
1x8w_C,MG,10,,A-256:OP U-273:OP
1x8w_C,MG,11,,
1x8w_C,MG,16,,
1x8w_C,MG,18,,G-250:OP
1x8w_C,MG,20,A-173:OP,A-172:OP A-173:OP
1x8w_C,MG,415,,
7r6n,MG,501,G-164:O6,G-164:O6
7r6n,MG,502,A-171:OP,A-171:OP
7r6n,MG,503,,
7r6n,MG,504,A-256:OP U-273:OP,A-256:OP U-273:OP
7r6n,MG,505,U-258:OP,U-258:OP
7r6n,MG,506,U-259:OP,U-259:OP
7r6n,MG,507,A-301:OP A-302:OP,A-301:OP A-302:OP
7r6n,MG,508,A-304:OP,A-304:OP
7r6n,MG,509,U-305:OP,U-305:OP
7r6n,MG,510,U-307:OP A-308:OP,U-307:OP A-308:OP
7r6n,MG,511,G-188:O6,G-188:O6
7r6n,MG,512,G-257:OP U-258:OP U-305:OP,G-257:OP U-258:OP U-305:OP
8hd7,MG,526,,A-304:OP A-306:OP
8hd7,MG,527,A-308:OP,A-308:OP
8hd7,MG,502,,
8hd7,MG,528,,
8hd7,MG,503,C-262:OP,C-262:OP C-262:OP
8hd7,MG,504,,
8hd7,MG,505,,A-184:OP
8hd7,MG,506,A-184:OP,A-183:OP A-184:OP
8hd7,MG,507,,
8hd7,MG,508,,A-178:OP
8hd7,MG,509,,
8hd7,MG,510,,
8hd7,MG,511,A-256:OP,A-256:OP
8hd7,MG,512,,
8hd7,MG,513,,
8hd7,MG,514,G-212:OP,G-212:OP
8hd7,MG,515,,G-257:OP U-305:OP
8hd7,MG,516,,U-258:OP
8hd7,MG,517,U-259:OP,U-259:OP
8hd7,MG,518,U-305:OP,U-305:OP
8hd7,MG,519,A-301:OP A-302:OP,A-301:OP A-302:OP
8hd7,MG,520,,
8hd7,MG,521,,
8hd7,MG,522,,A-171:OP
8hd7,MG,523,,
8hd7,MG,524,,
8hd7,MG,525,,
7ygc,MG,501,A-304:OP A-306:OP,A-304:OP A-306:OP
7ygc,MG,502,,
7ygc,MG,503,,
7ygc,MG,504,U-258:OP,G-257:OP U-258:OP U-305:OP
7ygc,MG,505,U-258:OP,U-258:OP
7ygc,MG,506,,U-259:OP
7ez2,MG,524,,
7ez2,MG,525,,
7ez2,MG,526,,C-208:OP A-306:OP
7ez2,MG,501,,
7ez2,MG,527,C-262:OP A-306:OP,C-262:OP A-306:OP
7ez2,MG,502,A-207:OP C-262:OP,A-207:OP C-262:OP
7ez2,MG,528,,U-307:OP A-308:OP
7ez2,MG,503,,
7ez2,MG,529,,
7ez2,MG,504,A-184:OP A-187:OP,A-184:OP A-186:OP A-187:OP G-188:OP
7ez2,MG,530,,A-28:OP
7ez2,MG,505,A-184:OP,A-183:OP A-184:OP
7ez2,MG,531,,
7ez2,MG,506,G-188:O6,G-188:O6
7ez2,MG,507,,G-164:O6
7ez2,MG,508,,
7ez2,MG,509,,
7ez2,MG,510,,G-150:OP
7ez2,MG,511,,
7ez2,MG,512,,
7ez2,MG,513,,
7ez2,MG,514,,
7ez2,MG,515,,G-257:OP U-258:OP U-305:OP
7ez2,MG,516,,
7ez2,MG,517,,
7ez2,MG,518,,
7ez2,MG,519,,A-301:OP A-302:OP
7ez2,MG,520,,
7ez2,MG,521,,
7ez2,MG,522,,
7ez2,MG,523,,A-172:OP
7xd3,MG,526,,
7xd3,MG,501,,
7xd3,MG,527,,
7xd3,MG,502,C-262:OP,C-262:OP
7xd3,MG,528,,
7xd3,MG,503,,
7xd3,MG,504,,A-184:OP
7xd3,MG,505,,
7xd3,MG,506,G-164:O6 A-178:OP,G-164:O6 A-178:OP
7xd3,MG,507,,
7xd3,MG,508,,
7xd3,MG,509,G-150:OP,G-150:OP
7xd3,MG,510,,A-256:OP
7xd3,MG,511,,
7xd3,MG,512,,
7xd3,MG,513,U-258:OP,U-258:OP U-258:OP U-258:P U-305:OP
7xd3,MG,514,,
7xd3,MG,515,U-259:OP,U-259:OP
7xd3,MG,516,,
7xd3,MG,517,A-301:OP A-302:OP,A-301:OP A-302:OP
7xd3,MG,518,,
7xd3,MG,519,,
7xd3,MG,520,,
7xd3,MG,521,,
7xd3,MG,522,,
7xd3,MG,523,,
7xd3,MG,524,A-304:OP A-306:OP,A-304:OP A-306:OP
7xd3,MG,525,,C-262:OP A-306:OP
7r6m,MG,501,,
7r6m,MG,502,G-164:O6,G-164:O6
7r6m,MG,503,U-273:OP,U-273:OP
7r6m,MG,504,U-258:OP,U-258:OP
7r6m,MG,505,U-259:OP,U-259:OP
7r6m,MG,506,U-305:OP,U-305:OP
7r6m,MG,507,,
7r6m,MG,508,,
7r6m,MG,509,G-188:O6,G-188:O6
7r6m,MG,510,,
7r6m,MG,511,,
7r6m,MG,512,G-257:OP U-258:OP U-305:OP,G-257:OP U-258:OP U-305:OP
7r6m,MG,513,C-262:OP,C-262:OP
7xd4,MG,526,,
7xd4,MG,501,,
7xd4,MG,527,,
7xd4,MG,502,,C-262:OP
7xd4,MG,528,,
7xd4,MG,503,,A-114:OP
7xd4,MG,504,A-183:OP A-184:OP A-186:OP,A-183:C5' A-183:OP A-184:OP A-186:OP
7xd4,MG,505,,
7xd4,MG,506,G-164:O6 A-178:OP,G-164:O6 A-178:OP
7xd4,MG,507,,
7xd4,MG,508,,G-148:N7 G-148:O6
7xd4,MG,509,,
7xd4,MG,510,,
7xd4,MG,511,,
7xd4,MG,512,,
7xd4,MG,513,,
7xd4,MG,514,,
7xd4,MG,515,U-259:OP,U-259:OP
7xd4,MG,516,,
7xd4,MG,517,A-302:OP,A-302:OP
7xd4,MG,518,,
7xd4,MG,519,,
7xd4,MG,520,,A-171:OP
7xd4,MG,521,,
7xd4,MG,522,,
7xd4,MG,523,,
7xd4,MG,524,A-304:OP A-306:OP A-416:N6,A-304:OP A-306:OP A-416:N6 A-416:N7
7xd4,MG,525,,U-307:OP
1hr2_A,HOH,261,C-165:OP A-183:OP A-186:N6,G-164:O3' C-165:OP A-183:OP A-186:N6
1hr2_A,HOH,262,C-165:OP,C-165:OP
1hr2_A,HOH,263,C-170:OP G-212:O2' C-213:C5',C-170:OP A-184:N6 G-212:O2' G-212:O3' C-213:C5'
1hr2_A,HOH,264,U-167:N3 A-171:O2' A-173:N6,U-167:N3 U-167:O4 A-171:C2' A-171:N3 A-171:O2' A-173:N6 G-174:O6
1hr2_A,HOH,265,A-178:OP,A-178:OP
1hr2_A,HOH,266,A-153:C2' A-153:O2' C-223:O2 G-251:C2' G-251:N3 G-251:O2',A-153:C2' A-153:O2' C-223:O2 G-250:N2 G-251:C1' G-251:C2' G-251:N3 G-251:O2'
1hr2_A,HOH,267,A-114:OP A-115:OP,A-114:OP A-115:OP
1hr2_A,HOH,268,A-139:C2 A-139:N3 U-185:O2',A-139:C2 A-139:N3 A-140:O4' U-185:C2' U-185:O2'
1hr2_A,HOH,269,A-114:OP A-206:N1,A-113:C3' A-113:C8 A-114:OP A-206:N1
1hr2_A,HOH,270,C-166:N4,C-166:N4
1hr2_A,HOH,271,U-162:O4,U-162:O4 G-163:O6
1hr2_A,HOH,272,A-173:OP,A-173:OP
1hr2_A,HOH,273,U-221:O2',U-221:O2' C-222:O4'
1hr2_A,HOH,274,G-164:O2' G-181:O2',G-164:C2' G-164:O2' C-165:O4' G-181:O2'
1hr2_A,HOH,275,A-183:N7,A-183:C8 A-183:N7 A-184:N6
1hr2_A,HOH,276,,A-184:N6
1hr2_A,HOH,277,C-223:N4,C-222:N4 C-223:N4
1hr2_A,HOH,278,C-211:OP,C-211:O5' C-211:OP C-211:P
1hr2_A,HOH,279,C-222:O2',C-222:O2 C-222:O2' C-223:O4'
1hr2_A,HOH,280,,A-172:N6
1hr2_A,HOH,281,C-145:N4,C-145:N4
1hr2_A,HOH,282,G-163:O2' G-163:O3',G-163:C3' G-163:C4' G-163:O2' G-163:O3'
1hr2_A,HOH,283,C-165:O2' G-181:OP,C-165:O2 C-165:O2' G-181:OP
1hr2_A,HOH,284,U-244:O2',U-244:O2' G-245:O4'
1hr2_A,HOH,285,U-224:O4,U-224:O4
1hr2_A,HOH,286,U-228:O2' C-229:O4',U-228:O2' C-229:O4'
1hr2_A,HOH,287,A-173:O2',A-173:C2' A-173:N3 A-173:O2'
1hr2_A,HOH,288,C-127:OP C-128:OP,C-127:O5' C-127:OP C-127:P C-128:OP
1hr2_A,HOH,289,G-119:O5' G-119:OP G-119:P U-120:OP,G-119:O5' G-119:OP G-119:OP G-119:P U-120:OP
1hr2_A,HOH,290,G-174:O2',G-174:O2' G-174:O3' G-175:C5'
1hr2_A,HOH,291,A-113:N7,A-113:N7
1hr2_A,HOH,292,,
1hr2_A,HOH,293,C-127:OP,C-127:OP C-127:OP
1hr2_A,HOH,294,U-182:OP,C-165:O3' C-166:OP U-182:OP U-182:OP U-182:P
1hr2_A,HOH,295,A-226:OP,A-226:OP
1hr2_A,HOH,296,C-165:OP,C-165:OP
1hr2_A,HOH,297,A-248:OP,A-248:OP
1hr2_A,HOH,298,A-207:C2' A-207:N3 A-207:O2',A-207:C2' A-207:N3 A-207:O2'
1hr2_A,HOH,299,,
1hr2_A,HOH,300,G-201:OP,G-201:OP U-202:OP
1hr2_A,HOH,301,G-212:OP,G-212:OP G-257:OP
1hr2_A,HOH,302,,
1hr2_A,HOH,303,A-140:OP G-141:OP,A-140:OP G-141:OP
1hr2_A,HOH,304,A-178:N1,C-138:C2' C-138:O2' A-178:C2 A-178:N1
1hr2_A,HOH,305,G-116:O2',G-116:C2' G-116:N3 G-116:O2'
1hr2_A,HOH,306,,
1hr2_A,HOH,307,U-182:OP G-188:C8,U-182:OP G-188:C8
1hr2_A,HOH,308,,A-184:OP
1hr2_A,HOH,309,G-169:OP C-170:OP A-171:N6,G-169:OP C-170:OP A-171:N6
1hr2_A,HOH,310,A-226:N3 A-226:O2',A-226:C2' A-226:N3 A-226:O2'
1hr2_A,HOH,311,A-140:OP G-141:N7,A-140:OP G-141:N7 G-141:O6 U-142:O4
1hr2_A,HOH,312,G-245:N7,G-245:N7
1hr2_A,HOH,313,,
1hr2_A,HOH,314,A-172:OP,A-172:OP
1hr2_A,HOH,315,U-177:O4,U-177:O4
1hr2_A,HOH,316,,
1hr2_A,HOH,317,U-130:O2,U-130:O2
1hr2_A,HOH,318,,G-141:O2' G-141:O3'
1hr2_A,HOH,319,A-252:OP,A-252:OP
1hr2_A,HOH,320,G-169:OP,U-167:C5' G-169:OP
1hr2_A,HOH,321,U-157:OP,U-157:OP
1hr2_A,HOH,322,A-183:OP A-184:N7 A-184:OP,A-183:OP A-184:N7 A-184:OP
1hr2_A,HOH,323,A-183:OP A-186:C8 A-186:N7 A-186:OP,A-183:OP A-183:OP A-186:C8 A-186:N7 A-186:OP
1hr2_A,HOH,324,A-184:OP A-186:OP,A-184:OP A-186:OP
1hr2_A,HOH,325,A-183:OP A-184:OP A-187:OP,U-182:O3' A-183:O3' A-183:OP A-184:OP A-184:OP A-184:P A-186:OP A-186:OP A-187:OP
1hr2_A,HOH,326,A-183:O3' A-184:OP A-187:OP G-188:OP,A-183:O3' A-184:OP A-184:P A-187:OP G-188:OP G-188:P
1hr2_A,HOH,327,A-184:OP A-186:OP A-187:OP,A-184:OP A-186:OP A-187:OP
1hr2_A,HOH,328,G-164:O6 U-177:O2' A-178:N7,G-164:O6 U-177:O2' A-178:C8 A-178:N7
1hr2_A,HOH,329,U-162:OP G-163:OP,U-162:O5' U-162:OP G-163:N7 G-163:OP
1hr2_A,HOH,330,G-163:N7 G-163:O6 G-164:O6,G-163:C5 G-163:C6 G-163:N7 G-163:O6 G-164:O6 A-178:N6
1hr2_A,HOH,331,G-163:OP G-164:N7 U-177:O2,G-163:C8 G-163:N7 G-163:OP G-164:N7 G-164:O6 U-177:O2 U-177:O2'
1hr2_A,HOH,332,C-165:OP A-171:OP,C-165:OP A-171:OP
1hr2_A,HOH,333,C-170:OP A-171:N7 A-171:OP,C-170:OP C-170:P A-171:N7 A-171:OP
1hr2_A,HOH,334,U-167:O2 A-171:OP,U-167:O2 U-167:O2' A-171:C8 A-171:N7 A-171:OP
1hr2_A,HOH,335,C-170:OP,C-170:OP A-171:OP
1hr2_A,HOH,336,U-167:O2' U-167:O3' U-168:OP,U-167:O2' U-167:O3' U-168:OP
1hr2_A,HOH,337,A-173:OP,A-173:OP
1hr2_A,HOH,338,A-171:O2' A-173:N7 A-173:OP,A-171:O2' A-173:C8 A-173:N7 A-173:OP
1hr2_A,HOH,339,A-173:OP G-174:N7,A-173:C8 A-173:N7 A-173:O5' A-173:OP G-174:C8 G-174:N7
1hr2_A,HOH,340,A-172:OP A-173:OP,A-172:OP A-173:OP
1hr2_A,HOH,341,G-174:O6,G-174:O6 G-175:O6
1hr2_A,HOH,342,U-168:C5 U-168:OP A-183:N7 G-188:O6,U-168:C5 U-168:C6 U-168:OP U-168:OP A-183:N7 G-188:O6
1hr2_A,HOH,343,U-182:OP G-188:N7,U-182:OP G-188:N7 G-188:O6
1hr2_A,HOH,344,C-166:OP U-168:OP G-188:O6,C-166:OP U-168:OP G-188:O6
1hr2_A,HOH,345,A-183:OP G-188:O6,A-183:O5' A-183:OP G-188:O6
1hr2_A,HOH,346,C-165:OP C-166:OP,C-165:C5' C-165:OP C-166:OP
1hr2_A,HOH,347,A-113:OP,A-113:OP
1hr2_A,HOH,348,C-127:O2' U-202:OP,C-127:O2' C-127:O3' U-202:OP
1hr2_A,HOH,349,,C-128:OP
1hr2_A,HOH,350,C-203:OP,C-203:OP
1hr2_A,HOH,351,C-203:OP,C-127:O3' C-203:OP
1hr2_A,HOH,352,A-113:OP,A-113:OP A-113:OP A-113:P
1hr2_A,HOH,353,,
1hr2_A,HOH,354,,G-116:N7
1hr2_A,HOH,355,,
1hr2_A,HOH,356,A-115:N6 G-116:O6 U-205:O4,A-115:N6 G-116:O6 U-205:O4
1hr2_A,HOH,357,,
1hr2_A,HOH,358,A-114:OP A-115:N7,A-114:OP A-115:N7
1hr2_A,HOH,359,,
1hr2_A,HOH,360,G-129:O6,G-129:O6
1hr2_A,HOH,361,G-191:O6,G-129:O6 G-191:O6
1hr2_A,HOH,362,,
1hr2_A,HOH,363,G-191:N7,G-191:N7
1hr2_A,HOH,364,,G-129:N7
1hr2_A,HOH,365,,
1hr2_A,HOH,366,U-144:O4,U-144:O4
1hr2_A,HOH,367,U-157:O4,U-156:O4 U-157:O4
1hr2_A,HOH,368,,
1hr2_A,HOH,369,G-158:O6,G-158:O6
1hr2_A,HOH,370,,
1hr2_A,HOH,371,,G-242:N7
1hr2_A,HOH,372,,
1hr2_A,HOH,373,U-243:O4,U-243:O4
1hr2_A,HOH,374,,
1hr2_A,HOH,375,,
1hr2_A,HOH,376,G-242:O6,G-242:O6
1hr2_A,HOH,377,,
1hr2_A,HOH,378,G-134:O6,G-134:O6
1hr2_A,HOH,379,,
1hr2_A,HOH,380,U-135:O4 A-136:N6 U-182:O4,U-135:O4 A-136:N6 U-182:O4
1hr2_A,HOH,381,,
1hr2_A,HOH,382,U-182:O4,U-182:O4
1hr2_A,HOH,383,,
1hr2_A,HOH,384,G-112:N7,G-111:N7 G-112:N7 A-113:N6
1hr2_A,HOH,385,G-111:N7,G-110:N7 G-111:N7
1hr2_A,HOH,386,,A-113:N6
1hr2_A,HOH,387,,
1hr2_A,HOH,388,G-111:O6 G-112:O6,G-111:O6 G-112:O6
1hr2_A,HOH,389,,
1hr2_A,HOH,390,,G-195:O6
1hr2_A,HOH,391,,G-194:N7
1hr2_A,HOH,392,,C-124:O3'
1hr2_A,HOH,393,,
1hr2_A,HOH,394,G-194:O6,G-194:O6
1hr2_A,MG,1,A-183:OP A-184:OP A-186:OP,A-183:OP A-184:OP A-186:OP
1hr2_A,MG,3,A-184:OP A-187:OP,A-184:OP A-186:OP A-187:OP
1hr2_A,MG,5,G-164:O6,G-163:N7 G-164:O6
1hr2_A,MG,7,,A-171:OP
1hr2_A,MG,9,,A-173:OP
1hr2_A,MG,11,,G-188:O6
1hr2_A,MG,14,,
1hr2_A,MG,16,,
1hr2_A,MG,18,,
1hr2_A,MG,20,,
1hr2_A,MG,22,,
1hr2_A,MG,24,,
1hr2_A,MG,26,,
1hr2_A,MG,27,,
1hr2_A,MG,51,,
1hr2_A,MG,53,,
1hr2_A,MG,55,,
1hr2_A,MG,57,U-249:OP,A-248:O2' U-249:OP G-250:OP
1hr2_A,MG,58,,
1hr2_A,MG,59,,
1hr2_A,MG,60,,
1hr2_A,MG,61,,
1hr2_A,MG,62,,
1hr2_A,MG,64,,
8i7n,MG,526,,A-28:OP
8i7n,MG,501,,
8i7n,MG,527,,
8i7n,MG,502,A-207:OP,A-207:OP C-262:OP
8i7n,MG,503,,
8i7n,MG,504,A-184:OP A-186:OP A-187:OP,A-184:OP A-186:OP A-187:OP
8i7n,MG,505,,A-183:OP A-184:OP
8i7n,MG,506,G-188:O6,G-188:O6
8i7n,MG,507,,
8i7n,MG,508,,
8i7n,MG,509,,
8i7n,MG,510,,
8i7n,MG,511,,A-256:OP U-273:OP
8i7n,MG,512,,
8i7n,MG,513,,
8i7n,MG,514,,G-257:OP U-258:OP U-305:OP
8i7n,MG,515,,U-258:OP
8i7n,MG,516,,U-259:OP
8i7n,MG,517,,
8i7n,MG,518,,A-301:OP
8i7n,MG,519,,
8i7n,MG,520,,
8i7n,MG,521,,A-172:OP
8i7n,MG,522,,
8i7n,MG,523,G-312:N7,G-312:N7
8i7n,MG,524,A-304:OP A-306:OP,C-208:OP A-304:OP A-306:OP
8i7n,MG,525,,A-308:OP
